Id,Tipo,Notas,Data,CustoAgencia,CustoCliente,Caso
0,5,"Durante a observação, o suspeito foi visto se encontrando com um indivíduo conhecido por suas conexões com o submundo criminoso.",2024-01-08,122.0,379.99,16
1,6,Os vestígios de sangue encontrados no veículo do suspeito coincidem com o tipo sanguíneo da vítima.,2023-08-28,28.0,148.99,6
2,0,A análise das manchas de sangue revelou a possível trajetória do objeto utilizado no ataque.,2023-06-11,12.0,41.99,12
3,2,A descoberta de um cofre escondido durante a revista sugere a possibilidade de atividades ilícitas dentro da empresa.,2024-01-01,184.0,246.99,11
4,6,Os vestígios de sangue encontrados no veículo do suspeito coincidem com o tipo sanguíneo da vítima.,2024-04-17,95.0,129.99,17
5,5,O suspeito foi visto se encontrando com um indivíduo conhecido por suas conexões com o submundo criminoso.,2023-05-18,179.0,297.99,7
6,1,A ausência de impressões digitais em determinados objetos indica uma possível limpeza do local por parte do suspeito.,2024-01-01,12.0,104.99,11
7,0,A presença de múltiplas manchas de sangue sugere uma luta intensa entre a vítima e o agressor antes da morte.,2024-01-09,32.0,120.99,9
8,7,"Durante o inquérito, foram obtidas informações cruciais de testemunhas oculares que corroboraram a versão dos eventos apresentada pelo suspeito.",2023-09-15,99.0,151.99,12
9,1,"As impressões digitais correspondem às do suspeito principal, corroborando sua presença no local do crime.",2024-01-12,46.0,115.99,10
10,0,A presença de múltiplas manchas de sangue sugere uma luta intensa entre a vítima e o agressor antes da morte.,2024-04-18,25.0,122.99,7
11,2,A descoberta de um cofre escondido durante a revista sugere a possibilidade de atividades ilícitas dentro da empresa.,2023-06-21,105.0,209.99,5
12,4,"Os vestígios de pólvora foram encontrados nas mãos do suspeito, sugerindo sua proximidade com a arma no momento do disparo.",2023-05-11,111.0,137.99,4
13,3,A análise do ADN encontrou correspondências com perfis genéticos anteriormente catalogados em bancos de dados criminais.,2024-04-21,67.0,114.99,6
14,2,A descoberta de um cofre escondido durante a revista sugere a possibilidade de atividades ilícitas dentro da empresa.,2023-06-28,199.0,267.99,6
15,3,"O ADN encontrado em uma cena de crime anterior foi ligado ao mesmo suspeito, indicando um padrão comportamental.",2023-07-03,92.0,69.99,9
16,1,"As impressões digitais encontradas em um segundo local de crime foram confirmadas como pertencentes ao mesmo indivíduo, ligando-o a múltiplos incidentes.",2023-10-27,37.0,47.99,2
17,2,"Durante a revista ao local de trabalho, foram encontrados documentos suspeitos relacionados a atividades ilegais.",2023-07-04,141.0,254.99,8
18,1,"As impressões digitais correspondem às do suspeito principal, corroborando sua presença no local do crime.",2024-02-29,13.0,100.99,1
19,7,Foram obtidas informações cruciais de testemunhas oculares que corroboraram a versão dos eventos apresentada pelo suspeito.,2023-07-14,7.0,213.99,16
