Id,Designacao,DataInicio,DataTermino,DataPagamento,CustoAbertura,Cliente,Detetive
0,Os Acidentes da Máquina de Café,2023-08-01,2025-04-09,2025-04-26,54954.99,183,96
1,O Código da Cerveja,2024-01-07,,,63251.6,899,76
2,Meias Rotas,2023-10-26,,,50037.34,965,65
3,O Segredo das Salas Trancadas,2023-11-01,,,3271.31,338,94
4,A Conspiração das Canetas Perdidas,2023-05-22,,,92246.99,306,40
5,O Caso do Lápis Azul,2024-02-16,,,77954.49,48,8
6,Operação Pizza Fria,2024-01-08,2024-10-01,,40959.61,985,15
7,"Ministros, Coitados",2023-12-15,,,63188.57,725,6
8,Meias Rotas,2024-03-08,,,1795.27,772,3
9,Operação Visconde,2023-10-19,,,75193.91,694,93
10,A Saga do WiFi Misterioso,2023-10-27,2024-09-11,2025-01-04,79355.98,965,29
11,Operação Pizza Fria,2023-07-29,,,91439.40,266,68
12,Atrasos Suspeitos,2023-09-07,2024-06-25,,72282.17,704,29
13,O Código da Cerveja,2023-12-26,,,98836.96,93,70
14,O Código da Cerveja,2024-03-31,2025-01-08,2025-04-22,58803.73,543,17
15,Os Pastéis de Nata Desaparecidos,2023-09-23,,,14735.78,531,12
16,Atrasos Suspeitos,2023-10-10,2025-03-11,,37900.99,235,71
17,Operação Pizza Fria,2024-01-04,2024-12-31,2025-03-10,21726.52,810,0
18,O Caso do Lápis Azul,2024-03-10,,,57728.50,964,54
19,A Saga do WiFi Misterioso,2024-02-29,2025-04-27,,44807.28,283,10
