Id,Procedimento,Descricao,Local
0,6,"Os vestígios de sangue encontrados no veículo do suspeito foram identificados como sendo da vítima, corroborando sua presença no local do crime.",Faculdade de Medicina
1,2,"Documentos incriminatórios foram descobertos durante a revista ao local de trabalho, fornecendo pistas valiosas sobre possíveis motivações para o crime.",Departamento de Humanidades
2,1,"Após análise forense, foi confirmada a correspondência entre as impressões digitais encontradas e o perfil do suspeito no banco de dados criminais.",Escola Superior Agrária
3,5,"A observação detalhada do suspeito revelou sua ligação com indivíduos conhecidos por suas atividades criminosas, fortalecendo as suspeitas contra ele.",Escola Superior de Tecnologia e Gestão
4,7,A análise das respostas do cliente revelou inconsistências que foram posteriormente exploradas para obter mais detalhes sobre sua participação no crime.,Escola Superior de Artes Aplicadas
5,5,"A observação detalhada do suspeito revelou sua ligação com indivíduos conhecidos por suas atividades criminosas, fortalecendo as suspeitas contra ele.",Faculdade de Direito
6,1,"Após análise forense, foi confirmada a correspondência entre as impressões digitais encontradas e o perfil do suspeito no banco de dados criminais.",Faculdade de Economia e Gestão
7,7,A análise das respostas do cliente revelou inconsistências que foram posteriormente exploradas para obter mais detalhes sobre sua participação no crime.,Escola Superior de Saúde
8,6,"A análise forense das amostras de sangue encontradas no local do crime confirmou a presença do suspeito, fornecendo uma evidência crucial para sua identificação.",Faculdade de Direito
9,2,"Documentos incriminatórios foram descobertos durante a revista ao local de trabalho, fornecendo pistas valiosas sobre possíveis motivações para o crime.",Faculdade de Ciências Agrárias
