Cliente,Email
0,asoares@di.uminho.pt
0,aneto@di.uminho.pt
1,nadia61@di.uminho.pt
2,miguelmaia@di.uminho.pt
2,isabelsilva@di.uminho.pt
2,camposartur@di.uminho.pt
3,franciscabrito@di.uminho.pt
4,angelahenriques@di.uminho.pt
4,filipa90@di.uminho.pt
4,gabriela17@di.uminho.pt
5,vamorim@di.uminho.pt
5,ema85@di.uminho.pt
6,xavieroliveira@di.uminho.pt
7,matosdaniel@di.uminho.pt
7,magalhaescarolina@di.uminho.pt
8,laura61@di.uminho.pt
9,pedroaraujo@di.uminho.pt
10,sebastiao26@di.uminho.pt
10,carneirosandro@di.uminho.pt
10,qvaz@di.uminho.pt
11,beatrizabreu@di.uminho.pt
12,joaquimbaptista@di.uminho.pt
13,obranco@di.uminho.pt
13,vitoriamaia@di.uminho.pt
14,sandroandrade@di.uminho.pt
15,mia16@di.uminho.pt
15,inascimento@di.uminho.pt
15,salome48@di.uminho.pt
16,rodrigo09@di.uminho.pt
17,constancapinto@di.uminho.pt
17,enzo66@di.uminho.pt
17,machadoalicia@di.uminho.pt
18,clarafonseca@di.uminho.pt
19,nelsoncorreia@di.uminho.pt
19,adriana24@di.uminho.pt
20,fernando65@di.uminho.pt
21,maramaia@di.uminho.pt
21,guerreiroema@di.uminho.pt
21,jfreitas@di.uminho.pt
22,simoesangela@di.uminho.pt
22,brunagoncalves@di.uminho.pt
23,carolina47@di.uminho.pt
24,bruna45@di.uminho.pt
24,carminho22@di.uminho.pt
24,simaopires@di.uminho.pt
25,jesusduarte@di.uminho.pt
26,smendes@di.uminho.pt
26,barbara79@di.uminho.pt
26,julianaramos@di.uminho.pt
27,gmonteiro@di.uminho.pt
27,rodriguesalexandre@di.uminho.pt
27,kevin05@di.uminho.pt
28,benjamim81@di.uminho.pt
28,pachecobeatriz@di.uminho.pt
28,paivamario@di.uminho.pt
29,cunhapedro@di.uminho.pt
30,renato50@di.uminho.pt
31,hsilva@di.uminho.pt
31,cristianoabreu@di.uminho.pt
31,rloureiro@di.uminho.pt
32,vieiraemma@di.uminho.pt
33,melissa90@di.uminho.pt
33,ricardo97@di.uminho.pt
33,luanamiranda@di.uminho.pt
34,limanoah@di.uminho.pt
34,fabiomacedo@di.uminho.pt
35,clara26@di.uminho.pt
36,cruzleticia@di.uminho.pt
36,lcampos@di.uminho.pt
37,paulo18@di.uminho.pt
38,joelnunes@di.uminho.pt
38,rita47@di.uminho.pt
38,tomemacedo@di.uminho.pt
39,vgomes@di.uminho.pt
39,marcos71@di.uminho.pt
39,assuncaoema@di.uminho.pt
40,lpaiva@di.uminho.pt
40,joel31@di.uminho.pt
40,antoniosilva@di.uminho.pt
41,psimoes@di.uminho.pt
41,erika03@di.uminho.pt
42,ines58@di.uminho.pt
43,rafael38@di.uminho.pt
43,ismaelramos@di.uminho.pt
44,marcocardoso@di.uminho.pt
45,julia54@di.uminho.pt
45,filipa08@di.uminho.pt
45,torreskevim@di.uminho.pt
46,mirandanicole@di.uminho.pt
47,isabel37@di.uminho.pt
47,brancofrancisca@di.uminho.pt
48,tomasmorais@di.uminho.pt
48,castroismael@di.uminho.pt
48,manuel07@di.uminho.pt
49,yaragomes@di.uminho.pt
49,nvalente@di.uminho.pt
49,alvesmartim@di.uminho.pt
50,marcio17@di.uminho.pt
50,gamorim@di.uminho.pt
51,piresvalentina@di.uminho.pt
51,hmelo@di.uminho.pt
52,leandronunes@di.uminho.pt
53,aliciaamaral@di.uminho.pt
53,zabreu@di.uminho.pt
54,sousaraquel@di.uminho.pt
54,miriamlima@di.uminho.pt
55,tmoreira@di.uminho.pt
56,luanavaz@di.uminho.pt
56,rita16@di.uminho.pt
56,nogueiracarminho@di.uminho.pt
57,smoreira@di.uminho.pt
57,helena68@di.uminho.pt
58,alvessantiago@di.uminho.pt
58,lucaramos@di.uminho.pt
58,antunessara@di.uminho.pt
59,goncalvescarlota@di.uminho.pt
59,lisandronogueira@di.uminho.pt
60,william95@di.uminho.pt
60,gfigueiredo@di.uminho.pt
60,lopesfrancisco@di.uminho.pt
61,lfaria@di.uminho.pt
62,dlopes@di.uminho.pt
63,angelamagalhaes@di.uminho.pt
63,dominguesvioleta@di.uminho.pt
64,bruna04@di.uminho.pt
65,tomemota@di.uminho.pt
65,kellyfaria@di.uminho.pt
65,renato80@di.uminho.pt
66,isaac30@di.uminho.pt
66,miguel51@di.uminho.pt
67,kazevedo@di.uminho.pt
67,xreis@di.uminho.pt
67,diogoreis@di.uminho.pt
68,pereiralia@di.uminho.pt
69,batistajaime@di.uminho.pt
69,jose51@di.uminho.pt
69,torresteresa@di.uminho.pt
70,laraabreu@di.uminho.pt
70,bvalente@di.uminho.pt
71,gustavonunes@di.uminho.pt
71,pramos@di.uminho.pt
71,carlos93@di.uminho.pt
72,torresgustavo@di.uminho.pt
73,soliveira@di.uminho.pt
74,aborges@di.uminho.pt
75,benjamim06@di.uminho.pt
76,dinis53@di.uminho.pt
77,ramosnoa@di.uminho.pt
77,ppereira@di.uminho.pt
78,joaquimfernandes@di.uminho.pt
78,hmonteiro@di.uminho.pt
78,patricia83@di.uminho.pt
79,noapinto@di.uminho.pt
79,moreirapetra@di.uminho.pt
79,micael28@di.uminho.pt
80,anjossoraia@di.uminho.pt
81,joao86@di.uminho.pt
81,mafaldajesus@di.uminho.pt
82,catarina34@di.uminho.pt
82,kmagalhaes@di.uminho.pt
82,ugoncalves@di.uminho.pt
83,constanca95@di.uminho.pt
83,micaelfernandes@di.uminho.pt
83,leiteleticia@di.uminho.pt
84,amelia69@di.uminho.pt
84,lopeshenrique@di.uminho.pt
84,ubatista@di.uminho.pt
85,lia18@di.uminho.pt
85,luciana46@di.uminho.pt
85,andreiasimoes@di.uminho.pt
86,ema97@di.uminho.pt
87,alvaro21@di.uminho.pt
87,eva53@di.uminho.pt
87,simaoantunes@di.uminho.pt
88,xvieira@di.uminho.pt
89,nuria64@di.uminho.pt
89,vicentebruno@di.uminho.pt
90,clarateixeira@di.uminho.pt
91,idomingues@di.uminho.pt
91,jtorres@di.uminho.pt
91,reiswilliam@di.uminho.pt
92,ericamelo@di.uminho.pt
92,alvarotavares@di.uminho.pt
93,carlos15@di.uminho.pt
93,camilacruz@di.uminho.pt
93,briansantos@di.uminho.pt
94,simoesmauro@di.uminho.pt
94,melomafalda@di.uminho.pt
94,goncalovalente@di.uminho.pt
95,ema52@di.uminho.pt
95,duartecampos@di.uminho.pt
96,dmota@di.uminho.pt
97,henriqueslisandro@di.uminho.pt
98,kyara54@di.uminho.pt
98,garciafilipa@di.uminho.pt
98,simaopinheiro@di.uminho.pt
99,wcampos@di.uminho.pt
99,ramosyasmin@di.uminho.pt
99,josetorres@di.uminho.pt
100,uvicente@di.uminho.pt
100,rochamarta@di.uminho.pt
101,brunamendes@di.uminho.pt
101,ricardo24@di.uminho.pt
102,pdomingues@di.uminho.pt
103,gustavo48@di.uminho.pt
103,melissacastro@di.uminho.pt
104,soraia21@di.uminho.pt
104,paivacarlota@di.uminho.pt
105,alvesguilherme@di.uminho.pt
105,qteixeira@di.uminho.pt
106,micaelmoura@di.uminho.pt
106,alice34@di.uminho.pt
106,hugomorais@di.uminho.pt
107,deboramoreira@di.uminho.pt
107,larissa34@di.uminho.pt
108,henriqueseva@di.uminho.pt
108,correiadenis@di.uminho.pt
108,sofia39@di.uminho.pt
109,lourencosousa@di.uminho.pt
109,loureirolourenco@di.uminho.pt
110,liacruz@di.uminho.pt
111,ggaspar@di.uminho.pt
112,arturbarros@di.uminho.pt
112,emmacarneiro@di.uminho.pt
113,assuncaobernardo@di.uminho.pt
113,rochaismael@di.uminho.pt
113,paulomota@di.uminho.pt
114,tmiranda@di.uminho.pt
115,fredericopereira@di.uminho.pt
115,matilde32@di.uminho.pt
116,gmota@di.uminho.pt
116,zleite@di.uminho.pt
117,lara63@di.uminho.pt
117,luis16@di.uminho.pt
118,raquelpinho@di.uminho.pt
118,raquelnunes@di.uminho.pt
119,naiarafigueiredo@di.uminho.pt
120,lucia83@di.uminho.pt
120,beatrizbranco@di.uminho.pt
120,inesmatos@di.uminho.pt
121,edgarcampos@di.uminho.pt
121,soaresdebora@di.uminho.pt
122,alexandrebrito@di.uminho.pt
123,filipe53@di.uminho.pt
124,victoriamatias@di.uminho.pt
124,sergio55@di.uminho.pt
124,juliana46@di.uminho.pt
125,zneves@di.uminho.pt
126,rmiranda@di.uminho.pt
126,ribeironicole@di.uminho.pt
127,leonardo83@di.uminho.pt
127,vmelo@di.uminho.pt
127,luana47@di.uminho.pt
128,luana47@di.uminho.pt
128,clara70@di.uminho.pt
128,moreiradaniela@di.uminho.pt
129,danielvalente@di.uminho.pt
130,helena18@di.uminho.pt
130,iris14@di.uminho.pt
131,mendesluana@di.uminho.pt
132,renatolourenco@di.uminho.pt
132,gasparpaiva@di.uminho.pt
132,fariamargarida@di.uminho.pt
133,araujobernardo@di.uminho.pt
133,mazevedo@di.uminho.pt
133,xloureiro@di.uminho.pt
134,borgesjaime@di.uminho.pt
134,poliveira@di.uminho.pt
134,fmelo@di.uminho.pt
135,carvalhojuliana@di.uminho.pt
135,almeidamaria@di.uminho.pt
136,andresoares@di.uminho.pt
136,fpacheco@di.uminho.pt
137,bramos@di.uminho.pt
137,tleite@di.uminho.pt
138,anitagoncalves@di.uminho.pt
139,nelson80@di.uminho.pt
139,simoesvitoria@di.uminho.pt
140,camilamonteiro@di.uminho.pt
140,coelholarissa@di.uminho.pt
141,silvanair@di.uminho.pt
141,vicenteluisa@di.uminho.pt
141,xcorreia@di.uminho.pt
142,salomeborges@di.uminho.pt
142,reisjoel@di.uminho.pt
142,naiara93@di.uminho.pt
143,lbrito@di.uminho.pt
144,cruzclaudio@di.uminho.pt
144,bmendes@di.uminho.pt
145,henriquesbenedita@di.uminho.pt
145,salvador21@di.uminho.pt
146,mafaldaborges@di.uminho.pt
146,matiassebastiao@di.uminho.pt
146,egaspar@di.uminho.pt
147,lourencocarlota@di.uminho.pt
147,vicentecorreia@di.uminho.pt
147,tdomingues@di.uminho.pt
148,fbranco@di.uminho.pt
148,ebatista@di.uminho.pt
149,lantunes@di.uminho.pt
150,leticia51@di.uminho.pt
150,inesfaria@di.uminho.pt
150,rnogueira@di.uminho.pt
151,monteirojuliana@di.uminho.pt
151,bmoreira@di.uminho.pt
152,ytorres@di.uminho.pt
153,ramoslucas@di.uminho.pt
153,melissa38@di.uminho.pt
154,alexandra00@di.uminho.pt
154,nassuncao@di.uminho.pt
155,araujonicole@di.uminho.pt
156,eduardaanjos@di.uminho.pt
156,ypacheco@di.uminho.pt
156,maraujo@di.uminho.pt
157,antoniocorreia@di.uminho.pt
158,madalenaalves@di.uminho.pt
159,luanamachado@di.uminho.pt
160,miriamleal@di.uminho.pt
160,qcardoso@di.uminho.pt
161,henriquesleticia@di.uminho.pt
161,marcoscardoso@di.uminho.pt
162,ismaelgomes@di.uminho.pt
162,lauramacedo@di.uminho.pt
162,leticia95@di.uminho.pt
163,gaspar45@di.uminho.pt
164,eduardo28@di.uminho.pt
165,bernardo59@di.uminho.pt
166,cesarandrade@di.uminho.pt
167,antonio47@di.uminho.pt
167,ferreiraantonio@di.uminho.pt
167,rafael27@di.uminho.pt
168,isousa@di.uminho.pt
168,fanjos@di.uminho.pt
168,camorim@di.uminho.pt
169,nuria84@di.uminho.pt
170,guilhermepinho@di.uminho.pt
171,angela09@di.uminho.pt
172,pfonseca@di.uminho.pt
172,barrosruben@di.uminho.pt
173,joelleal@di.uminho.pt
173,goncalo68@di.uminho.pt
174,julianavicente@di.uminho.pt
174,unascimento@di.uminho.pt
174,constancaazevedo@di.uminho.pt
175,caetanavicente@di.uminho.pt
175,bvieira@di.uminho.pt
176,luanaborges@di.uminho.pt
176,ismael03@di.uminho.pt
177,ameliapacheco@di.uminho.pt
177,maiaeduardo@di.uminho.pt
178,ericaneves@di.uminho.pt
179,ygoncalves@di.uminho.pt
180,henriqueassuncao@di.uminho.pt
181,vitor38@di.uminho.pt
182,tatianacarneiro@di.uminho.pt
182,kmachado@di.uminho.pt
182,isabelamaia@di.uminho.pt
183,nogueiranoa@di.uminho.pt
183,zmagalhaes@di.uminho.pt
184,raquel99@di.uminho.pt
184,andradenuno@di.uminho.pt
185,ricardo64@di.uminho.pt
185,sergio06@di.uminho.pt
186,lourenconaiara@di.uminho.pt
186,tfigueiredo@di.uminho.pt
186,xmendes@di.uminho.pt
187,pinhovitoria@di.uminho.pt
187,storres@di.uminho.pt
188,henriquecosta@di.uminho.pt
189,yfaria@di.uminho.pt
189,manuelfonseca@di.uminho.pt
190,diego96@di.uminho.pt
191,lucia07@di.uminho.pt
191,eamaral@di.uminho.pt
191,tomasmota@di.uminho.pt
192,ricardo30@di.uminho.pt
192,eduardaalmeida@di.uminho.pt
193,marco01@di.uminho.pt
193,bryanleite@di.uminho.pt
194,lleite@di.uminho.pt
195,gabrielvieira@di.uminho.pt
196,ramosjulia@di.uminho.pt
197,tavaresemilia@di.uminho.pt
197,lopesfrederico@di.uminho.pt
198,zcruz@di.uminho.pt
198,garciagustavo@di.uminho.pt
199,ericabranco@di.uminho.pt
199,guilhermepaiva@di.uminho.pt
199,vascoazevedo@di.uminho.pt
200,ruiandrade@di.uminho.pt
200,sofiacarneiro@di.uminho.pt
200,jbaptista@di.uminho.pt
201,amorimmatilde@di.uminho.pt
201,petra13@di.uminho.pt
202,salvadormendes@di.uminho.pt
202,deboratorres@di.uminho.pt
203,goncalo09@di.uminho.pt
203,manuel45@di.uminho.pt
204,gustavo52@di.uminho.pt
205,alexandracorreia@di.uminho.pt
205,ema76@di.uminho.pt
206,barbarasimoes@di.uminho.pt
207,carminho23@di.uminho.pt
207,rodriguesangelo@di.uminho.pt
207,loliveira@di.uminho.pt
208,constancafonseca@di.uminho.pt
208,nmota@di.uminho.pt
208,jazevedo@di.uminho.pt
209,franciscalourenco@di.uminho.pt
210,asa@di.uminho.pt
211,helena88@di.uminho.pt
212,fonsecavitor@di.uminho.pt
212,rodrigo62@di.uminho.pt
213,cmacedo@di.uminho.pt
213,fonsecayara@di.uminho.pt
214,rribeiro@di.uminho.pt
214,manuelgarcia@di.uminho.pt
214,carolinarocha@di.uminho.pt
215,sasebastiao@di.uminho.pt
215,teixeiradiogo@di.uminho.pt
216,nreis@di.uminho.pt
216,vitoriabarros@di.uminho.pt
216,laura36@di.uminho.pt
217,nogueirakevim@di.uminho.pt
218,jgomes@di.uminho.pt
218,micaelmagalhaes@di.uminho.pt
219,gil96@di.uminho.pt
219,kevinmatias@di.uminho.pt
220,magalhaesafonso@di.uminho.pt
220,alicianeto@di.uminho.pt
221,xavier00@di.uminho.pt
222,assuncaohenrique@di.uminho.pt
222,salomecruz@di.uminho.pt
223,fabiosoares@di.uminho.pt
223,vlopes@di.uminho.pt
224,sfaria@di.uminho.pt
224,anita09@di.uminho.pt
225,yneto@di.uminho.pt
225,alvesjorge@di.uminho.pt
225,moreiraana@di.uminho.pt
226,ramosricardo@di.uminho.pt
226,dfaria@di.uminho.pt
227,torresyasmin@di.uminho.pt
227,tpinho@di.uminho.pt
227,nogueirabarbara@di.uminho.pt
228,nuriabrito@di.uminho.pt
228,sandrosousa@di.uminho.pt
228,diana48@di.uminho.pt
229,marciotorres@di.uminho.pt
229,yfaria@di.uminho.pt
230,micael21@di.uminho.pt
230,eduardapaiva@di.uminho.pt
230,jesuspedro@di.uminho.pt
231,erica34@di.uminho.pt
232,carlos30@di.uminho.pt
232,frodrigues@di.uminho.pt
233,lbrito@di.uminho.pt
233,maurogoncalves@di.uminho.pt
234,rubenleite@di.uminho.pt
234,jesusluciana@di.uminho.pt
235,carminho05@di.uminho.pt
235,francisco92@di.uminho.pt
236,tomas26@di.uminho.pt
236,leonordomingues@di.uminho.pt
236,gasparrocha@di.uminho.pt
237,araujosamuel@di.uminho.pt
237,castrolucas@di.uminho.pt
237,assuncaodiana@di.uminho.pt
238,yfreitas@di.uminho.pt
238,iguerreiro@di.uminho.pt
239,igor83@di.uminho.pt
239,gbaptista@di.uminho.pt
240,lourencoivan@di.uminho.pt
240,rodrigueslisandro@di.uminho.pt
240,coelhorafael@di.uminho.pt
241,isabela00@di.uminho.pt
241,lisandro91@di.uminho.pt
241,nmatos@di.uminho.pt
242,lealnelson@di.uminho.pt
242,erica21@di.uminho.pt
242,bernardo53@di.uminho.pt
243,tmatias@di.uminho.pt
243,lauraazevedo@di.uminho.pt
243,jvaz@di.uminho.pt
244,pantunes@di.uminho.pt
244,larissavalente@di.uminho.pt
245,andre33@di.uminho.pt
245,rafael57@di.uminho.pt
246,anjosluna@di.uminho.pt
246,biancasoares@di.uminho.pt
246,jsilva@di.uminho.pt
247,bpinho@di.uminho.pt
247,laura02@di.uminho.pt
247,marquesflor@di.uminho.pt
248,bernardo82@di.uminho.pt
249,marcio55@di.uminho.pt
249,sgomes@di.uminho.pt
249,dianaribeiro@di.uminho.pt
250,lsantos@di.uminho.pt
250,brancofrederico@di.uminho.pt
250,figueiredoricardo@di.uminho.pt
251,petrapinho@di.uminho.pt
252,vicentecoelho@di.uminho.pt
253,wteixeira@di.uminho.pt
253,nuno94@di.uminho.pt
254,hsousa@di.uminho.pt
254,joao81@di.uminho.pt
254,simoesleticia@di.uminho.pt
255,fernando47@di.uminho.pt
256,imarques@di.uminho.pt
257,bernardobatista@di.uminho.pt
257,micael93@di.uminho.pt
257,miareis@di.uminho.pt
258,rubenrocha@di.uminho.pt
259,debora62@di.uminho.pt
259,andradejoaquim@di.uminho.pt
260,davidmarques@di.uminho.pt
260,lorenaferreira@di.uminho.pt
261,henriquesbruna@di.uminho.pt
261,vicente54@di.uminho.pt
261,lucas80@di.uminho.pt
262,lsoares@di.uminho.pt
262,msousa@di.uminho.pt
263,matossebastiao@di.uminho.pt
264,tiago40@di.uminho.pt
265,claranogueira@di.uminho.pt
265,fdomingues@di.uminho.pt
266,josefreitas@di.uminho.pt
266,gabriela02@di.uminho.pt
267,mariana84@di.uminho.pt
268,duarte17@di.uminho.pt
269,carminhomartins@di.uminho.pt
270,luispires@di.uminho.pt
270,ivanpacheco@di.uminho.pt
270,nmarques@di.uminho.pt
271,pleite@di.uminho.pt
271,melissatavares@di.uminho.pt
272,renato03@di.uminho.pt
272,anita75@di.uminho.pt
272,moraissantiago@di.uminho.pt
273,francisco17@di.uminho.pt
273,emaia@di.uminho.pt
274,igomes@di.uminho.pt
274,oliveiracaetana@di.uminho.pt
275,freitaserica@di.uminho.pt
275,umatos@di.uminho.pt
275,tcardoso@di.uminho.pt
276,martim89@di.uminho.pt
277,rmacedo@di.uminho.pt
277,rafaelleal@di.uminho.pt
278,henriquesrodrigo@di.uminho.pt
278,jmarques@di.uminho.pt
279,britocamila@di.uminho.pt
279,gbrito@di.uminho.pt
279,sbrito@di.uminho.pt
280,antunesfernando@di.uminho.pt
281,glima@di.uminho.pt
281,andrereis@di.uminho.pt
282,gmendes@di.uminho.pt
282,martimjesus@di.uminho.pt
282,beatriz57@di.uminho.pt
283,qfreitas@di.uminho.pt
283,ricardoalves@di.uminho.pt
283,yasminvaz@di.uminho.pt
284,palves@di.uminho.pt
284,tiagolopes@di.uminho.pt
285,imagalhaes@di.uminho.pt
286,antunesvera@di.uminho.pt
287,coelhoema@di.uminho.pt
287,xpacheco@di.uminho.pt
288,lgaspar@di.uminho.pt
288,ricardobatista@di.uminho.pt
288,ericanascimento@di.uminho.pt
289,ivicente@di.uminho.pt
290,paulo45@di.uminho.pt
291,randrade@di.uminho.pt
291,raquelantunes@di.uminho.pt
291,ivo84@di.uminho.pt
292,lucia75@di.uminho.pt
293,ivanreis@di.uminho.pt
294,kevin56@di.uminho.pt
295,margarida02@di.uminho.pt
296,carneiroluciana@di.uminho.pt
296,jose94@di.uminho.pt
297,mariana19@di.uminho.pt
297,violetafigueiredo@di.uminho.pt
297,emiranda@di.uminho.pt
298,arturtorres@di.uminho.pt
298,rafaela28@di.uminho.pt
298,alicia75@di.uminho.pt
299,ivovalente@di.uminho.pt
299,fariaemma@di.uminho.pt
300,duartefonseca@di.uminho.pt
300,larissamelo@di.uminho.pt
300,julianasousa@di.uminho.pt
301,vitor80@di.uminho.pt
302,martamelo@di.uminho.pt
303,alexandre45@di.uminho.pt
304,dinisbarros@di.uminho.pt
304,xtorres@di.uminho.pt
304,salvador54@di.uminho.pt
305,mleite@di.uminho.pt
305,ibranco@di.uminho.pt
306,cruzsara@di.uminho.pt
306,matiasborges@di.uminho.pt
306,bryannascimento@di.uminho.pt
307,bryan43@di.uminho.pt
307,vitor78@di.uminho.pt
308,noah62@di.uminho.pt
308,gabriel13@di.uminho.pt
308,lpaiva@di.uminho.pt
309,bernardo87@di.uminho.pt
309,wfonseca@di.uminho.pt
309,brunocunha@di.uminho.pt
310,imartins@di.uminho.pt
311,lia90@di.uminho.pt
312,nevesxavier@di.uminho.pt
313,vsantos@di.uminho.pt
314,nmatias@di.uminho.pt
314,fcarneiro@di.uminho.pt
315,rochasebastiao@di.uminho.pt
316,vsilva@di.uminho.pt
316,imendes@di.uminho.pt
317,sebastiaotorres@di.uminho.pt
317,alexandratavares@di.uminho.pt
317,andrenunes@di.uminho.pt
318,beatriz36@di.uminho.pt
319,mourafilipe@di.uminho.pt
320,alicecruz@di.uminho.pt
320,gabriel23@di.uminho.pt
321,martapinto@di.uminho.pt
321,kyara79@di.uminho.pt
322,lucascoelho@di.uminho.pt
322,lsoares@di.uminho.pt
323,assuncaoalexandra@di.uminho.pt
323,pachecomario@di.uminho.pt
323,henriquebarros@di.uminho.pt
324,itavares@di.uminho.pt
324,teixeiradaniela@di.uminho.pt
324,lsa@di.uminho.pt
325,tgomes@di.uminho.pt
325,afonsocarvalho@di.uminho.pt
326,cristianobatista@di.uminho.pt
326,artur98@di.uminho.pt
326,fariavictoria@di.uminho.pt
327,joaquim61@di.uminho.pt
328,moreiraana@di.uminho.pt
328,santiago72@di.uminho.pt
328,nuria61@di.uminho.pt
329,emabrito@di.uminho.pt
329,micaelneto@di.uminho.pt
330,vasco15@di.uminho.pt
331,bryan80@di.uminho.pt
331,garciamaria@di.uminho.pt
332,joel09@di.uminho.pt
333,cesar57@di.uminho.pt
334,ribeiroivo@di.uminho.pt
334,jdomingues@di.uminho.pt
335,vicente78@di.uminho.pt
335,beatriz55@di.uminho.pt
336,kbrito@di.uminho.pt
336,luciananogueira@di.uminho.pt
337,noah10@di.uminho.pt
337,ucorreia@di.uminho.pt
337,machadopatricia@di.uminho.pt
338,ruben37@di.uminho.pt
338,lucianasilva@di.uminho.pt
338,debora51@di.uminho.pt
339,jesusluana@di.uminho.pt
340,nuria57@di.uminho.pt
341,npires@di.uminho.pt
342,isabelamarques@di.uminho.pt
343,ztavares@di.uminho.pt
344,tavaresflor@di.uminho.pt
344,petra84@di.uminho.pt
344,salvador59@di.uminho.pt
345,mateus09@di.uminho.pt
345,limanoah@di.uminho.pt
345,isilva@di.uminho.pt
346,rubenramos@di.uminho.pt
346,fonsecadaniel@di.uminho.pt
347,ruben88@di.uminho.pt
348,sebastiaovaz@di.uminho.pt
349,marianafreitas@di.uminho.pt
349,mmatias@di.uminho.pt
350,ecarvalho@di.uminho.pt
351,lara78@di.uminho.pt
352,lcastro@di.uminho.pt
352,henriquesalexandra@di.uminho.pt
352,xmachado@di.uminho.pt
353,gustavo58@di.uminho.pt
354,antunescarlota@di.uminho.pt
354,brancotomas@di.uminho.pt
354,nunosilva@di.uminho.pt
355,mneto@di.uminho.pt
356,ynascimento@di.uminho.pt
357,limaiara@di.uminho.pt
357,andre04@di.uminho.pt
357,isabelleite@di.uminho.pt
358,vitor19@di.uminho.pt
359,angelatorres@di.uminho.pt
359,matilde74@di.uminho.pt
360,dinismatos@di.uminho.pt
360,lourenco54@di.uminho.pt
361,fanjos@di.uminho.pt
362,matiasmaia@di.uminho.pt
362,figueiredocarlos@di.uminho.pt
362,eduarda27@di.uminho.pt
363,jessica63@di.uminho.pt
364,xrocha@di.uminho.pt
365,araujomario@di.uminho.pt
365,icruz@di.uminho.pt
365,xpinto@di.uminho.pt
366,pedro11@di.uminho.pt
366,lorena19@di.uminho.pt
367,victoriacardoso@di.uminho.pt
368,emmasilva@di.uminho.pt
369,nelsonbaptista@di.uminho.pt
369,jpereira@di.uminho.pt
370,maiavitoria@di.uminho.pt
371,danielasoares@di.uminho.pt
371,teixeiradiego@di.uminho.pt
372,josegomes@di.uminho.pt
372,davidtavares@di.uminho.pt
372,qmoura@di.uminho.pt
373,zmonteiro@di.uminho.pt
374,gasparpedro@di.uminho.pt
374,spaiva@di.uminho.pt
375,nunesandreia@di.uminho.pt
376,araujokyara@di.uminho.pt
376,nadiaoliveira@di.uminho.pt
377,lbarros@di.uminho.pt
377,fredericosilva@di.uminho.pt
378,bfaria@di.uminho.pt
379,alvesyara@di.uminho.pt
379,zpinto@di.uminho.pt
380,noahmiranda@di.uminho.pt
380,leonor61@di.uminho.pt
380,ntorres@di.uminho.pt
381,lucianaferreira@di.uminho.pt
382,xsimoes@di.uminho.pt
382,mia93@di.uminho.pt
383,tome83@di.uminho.pt
383,vazemanuel@di.uminho.pt
384,rassuncao@di.uminho.pt
384,zteixeira@di.uminho.pt
384,pedro55@di.uminho.pt
385,nair11@di.uminho.pt
385,eduardoabreu@di.uminho.pt
386,matiaskevim@di.uminho.pt
386,arturneves@di.uminho.pt
386,mamaral@di.uminho.pt
387,almeidahenrique@di.uminho.pt
387,esantos@di.uminho.pt
387,garciajoaquim@di.uminho.pt
388,bianca78@di.uminho.pt
389,npinto@di.uminho.pt
389,emanuelmacedo@di.uminho.pt
389,ytorres@di.uminho.pt
390,nairmagalhaes@di.uminho.pt
391,tomeguerreiro@di.uminho.pt
392,jmatias@di.uminho.pt
392,maria54@di.uminho.pt
393,david96@di.uminho.pt
393,bernardobatista@di.uminho.pt
393,marcoscardoso@di.uminho.pt
394,joaquimfonseca@di.uminho.pt
394,ivo74@di.uminho.pt
395,oaraujo@di.uminho.pt
395,camilafernandes@di.uminho.pt
395,fariavitoria@di.uminho.pt
396,kteixeira@di.uminho.pt
397,williammatos@di.uminho.pt
397,leandro63@di.uminho.pt
397,mouratome@di.uminho.pt
398,lsoares@di.uminho.pt
398,qtorres@di.uminho.pt
399,noahleite@di.uminho.pt
400,cunhavicente@di.uminho.pt
400,matoskevim@di.uminho.pt
401,matias36@di.uminho.pt
401,nicole92@di.uminho.pt
402,williamanjos@di.uminho.pt
402,afonsovieira@di.uminho.pt
402,svicente@di.uminho.pt
403,lorenamacedo@di.uminho.pt
403,pfreitas@di.uminho.pt
404,arturvicente@di.uminho.pt
405,borgesleonor@di.uminho.pt
406,cruznuno@di.uminho.pt
407,brunacarvalho@di.uminho.pt
407,melissafernandes@di.uminho.pt
408,rgaspar@di.uminho.pt
408,filipa88@di.uminho.pt
409,marianalourenco@di.uminho.pt
410,baptistaivan@di.uminho.pt
410,igor40@di.uminho.pt
410,ulopes@di.uminho.pt
411,macedowilliam@di.uminho.pt
411,francisca93@di.uminho.pt
411,ivan27@di.uminho.pt
412,miriamgaspar@di.uminho.pt
413,abreusofia@di.uminho.pt
413,maiamicael@di.uminho.pt
414,lrodrigues@di.uminho.pt
414,nadia64@di.uminho.pt
415,aferreira@di.uminho.pt
415,goncaloalves@di.uminho.pt
416,vitoriasoares@di.uminho.pt
417,ivanoliveira@di.uminho.pt
418,vbatista@di.uminho.pt
418,lourencomorais@di.uminho.pt
419,mariana02@di.uminho.pt
419,gmonteiro@di.uminho.pt
419,dominguessebastiao@di.uminho.pt
420,guilhermetorres@di.uminho.pt
421,anjossara@di.uminho.pt
421,monteirocesar@di.uminho.pt
422,ylima@di.uminho.pt
422,pilar77@di.uminho.pt
422,vicente63@di.uminho.pt
423,soaresanita@di.uminho.pt
424,matosxavier@di.uminho.pt
425,soraiagaspar@di.uminho.pt
425,cmoura@di.uminho.pt
426,sofia08@di.uminho.pt
426,duartegoncalves@di.uminho.pt
426,snunes@di.uminho.pt
427,dianatorres@di.uminho.pt
427,simoesnicole@di.uminho.pt
427,ritapinheiro@di.uminho.pt
428,manuelsantos@di.uminho.pt
429,ismael67@di.uminho.pt
429,margaridaabreu@di.uminho.pt
429,vasco42@di.uminho.pt
430,carminho39@di.uminho.pt
430,veragarcia@di.uminho.pt
431,mferreira@di.uminho.pt
431,larissa19@di.uminho.pt
431,inesabreu@di.uminho.pt
432,tatiana16@di.uminho.pt
432,ivomagalhaes@di.uminho.pt
433,ecardoso@di.uminho.pt
433,salvadorsilva@di.uminho.pt
433,flima@di.uminho.pt
434,apereira@di.uminho.pt
435,camila51@di.uminho.pt
436,lmachado@di.uminho.pt
436,nairteixeira@di.uminho.pt
437,hpacheco@di.uminho.pt
437,moreiramario@di.uminho.pt
438,tomas05@di.uminho.pt
439,lorenaneto@di.uminho.pt
439,miguelmorais@di.uminho.pt
440,eduarda21@di.uminho.pt
440,motaalvaro@di.uminho.pt
441,borgesjulia@di.uminho.pt
441,meloflor@di.uminho.pt
441,constancaleite@di.uminho.pt
442,alexandrepaiva@di.uminho.pt
443,xassuncao@di.uminho.pt
443,pbaptista@di.uminho.pt
443,borgesmiguel@di.uminho.pt
444,vbarbosa@di.uminho.pt
445,wbranco@di.uminho.pt
445,noa52@di.uminho.pt
445,dominguesfrancisco@di.uminho.pt
446,rubenteixeira@di.uminho.pt
446,claudiopires@di.uminho.pt
446,vieiraalexandra@di.uminho.pt
447,matiasvasco@di.uminho.pt
447,lmaia@di.uminho.pt
448,benedita28@di.uminho.pt
448,constancafernandes@di.uminho.pt
449,micaelcorreia@di.uminho.pt
449,marco97@di.uminho.pt
450,bruna52@di.uminho.pt
450,fernandesrui@di.uminho.pt
451,dlourenco@di.uminho.pt
452,ymonteiro@di.uminho.pt
452,angeloazevedo@di.uminho.pt
453,isabelaamaral@di.uminho.pt
453,figueiredomadalena@di.uminho.pt
453,dfaria@di.uminho.pt
454,xloureiro@di.uminho.pt
455,pinholarissa@di.uminho.pt
456,mateussantos@di.uminho.pt
457,erica72@di.uminho.pt
458,carlosneto@di.uminho.pt
459,cnascimento@di.uminho.pt
460,sofiamoreira@di.uminho.pt
461,violetaanjos@di.uminho.pt
461,sousaantonio@di.uminho.pt
461,gabrielapaiva@di.uminho.pt
462,vasco03@di.uminho.pt
462,moreiraandre@di.uminho.pt
462,filipelima@di.uminho.pt
463,petra77@di.uminho.pt
463,sergio51@di.uminho.pt
464,alicia17@di.uminho.pt
464,ucastro@di.uminho.pt
464,teixeiraluisa@di.uminho.pt
465,paivaconstanca@di.uminho.pt
465,qmacedo@di.uminho.pt
466,ismaeloliveira@di.uminho.pt
466,iara35@di.uminho.pt
466,cpires@di.uminho.pt
467,edgar97@di.uminho.pt
467,kyara13@di.uminho.pt
468,irina65@di.uminho.pt
468,salvador74@di.uminho.pt
468,teixeirarenato@di.uminho.pt
469,domingueserica@di.uminho.pt
469,ivicente@di.uminho.pt
469,gfernandes@di.uminho.pt
470,emilia93@di.uminho.pt
470,florbaptista@di.uminho.pt
471,pachecogil@di.uminho.pt
471,tavarespatricia@di.uminho.pt
471,duarte46@di.uminho.pt
472,gilmatos@di.uminho.pt
472,bruna30@di.uminho.pt
473,melissa62@di.uminho.pt
473,renato09@di.uminho.pt
474,pachecolara@di.uminho.pt
474,hbranco@di.uminho.pt
474,bernardo37@di.uminho.pt
475,sabruno@di.uminho.pt
476,luisasantos@di.uminho.pt
476,bteixeira@di.uminho.pt
476,zamaral@di.uminho.pt
477,marianamelo@di.uminho.pt
477,larissa16@di.uminho.pt
477,yasmin10@di.uminho.pt
478,xavier16@di.uminho.pt
478,juliana92@di.uminho.pt
478,barbaravaz@di.uminho.pt
479,alexandratavares@di.uminho.pt
479,mateus04@di.uminho.pt
480,leonor98@di.uminho.pt
480,kevimfreitas@di.uminho.pt
481,hugo94@di.uminho.pt
482,ritaneto@di.uminho.pt
483,fariaemanuel@di.uminho.pt
483,macedoeva@di.uminho.pt
484,almeidaenzo@di.uminho.pt
485,xmatos@di.uminho.pt
485,nelsonvaz@di.uminho.pt
486,rafaela71@di.uminho.pt
487,catarinacoelho@di.uminho.pt
487,danielamorim@di.uminho.pt
488,raquelanjos@di.uminho.pt
488,caetanaabreu@di.uminho.pt
488,aamaral@di.uminho.pt
489,tomasandrade@di.uminho.pt
489,azevedobeatriz@di.uminho.pt
489,constanca13@di.uminho.pt
490,brian14@di.uminho.pt
491,diogo00@di.uminho.pt
491,laura29@di.uminho.pt
491,nunesclaudio@di.uminho.pt
492,luisa07@di.uminho.pt
492,isabela82@di.uminho.pt
492,catarinaabreu@di.uminho.pt
493,xdomingues@di.uminho.pt
493,alvesjulia@di.uminho.pt
493,figueiredodiogo@di.uminho.pt
494,samargarida@di.uminho.pt
495,fsoares@di.uminho.pt
495,lorenagoncalves@di.uminho.pt
496,torreserica@di.uminho.pt
496,marcosamaral@di.uminho.pt
497,ccastro@di.uminho.pt
497,valentinagomes@di.uminho.pt
498,fabio07@di.uminho.pt
498,florfaria@di.uminho.pt
499,liaazevedo@di.uminho.pt
499,azevedocarolina@di.uminho.pt
499,arturramos@di.uminho.pt
500,yara58@di.uminho.pt
500,lorenamatias@di.uminho.pt
501,garciagustavo@di.uminho.pt
502,joaquimpinto@di.uminho.pt
502,bteixeira@di.uminho.pt
503,qcardoso@di.uminho.pt
503,vicentejoana@di.uminho.pt
504,alicia14@di.uminho.pt
504,reiswilliam@di.uminho.pt
505,cristianorocha@di.uminho.pt
505,lunapinheiro@di.uminho.pt
505,assuncaodiogo@di.uminho.pt
506,coelhoemilia@di.uminho.pt
506,qtavares@di.uminho.pt
507,mourafrancisca@di.uminho.pt
508,valentepedro@di.uminho.pt
508,bruna67@di.uminho.pt
508,gustavo98@di.uminho.pt
509,pintoeva@di.uminho.pt
510,tome31@di.uminho.pt
510,bruna06@di.uminho.pt
511,pinheirosandro@di.uminho.pt
511,renatacruz@di.uminho.pt
512,qesteves@di.uminho.pt
512,gustavorodrigues@di.uminho.pt
513,vanjos@di.uminho.pt
513,marquesbarbara@di.uminho.pt
514,mia90@di.uminho.pt
514,lara30@di.uminho.pt
514,ricardovicente@di.uminho.pt
515,castromiriam@di.uminho.pt
515,violeta12@di.uminho.pt
515,afonsosoares@di.uminho.pt
516,piresgil@di.uminho.pt
516,fernandeswilson@di.uminho.pt
517,dpinto@di.uminho.pt
517,lucia64@di.uminho.pt
518,freitasmauro@di.uminho.pt
518,baraujo@di.uminho.pt
518,acorreia@di.uminho.pt
519,freitaskevin@di.uminho.pt
519,reishelena@di.uminho.pt
519,xabreu@di.uminho.pt
520,alvesedgar@di.uminho.pt
521,kyaracardoso@di.uminho.pt
521,psimoes@di.uminho.pt
521,adriana48@di.uminho.pt
522,gabriel76@di.uminho.pt
522,enzo22@di.uminho.pt
523,vicentebruno@di.uminho.pt
523,lunaguerreiro@di.uminho.pt
524,figueiredoartur@di.uminho.pt
524,vazevedo@di.uminho.pt
524,vieiradaniela@di.uminho.pt
525,fernandeswilson@di.uminho.pt
526,mmartins@di.uminho.pt
526,emanuelmatias@di.uminho.pt
527,alvaromendes@di.uminho.pt
527,azevedorita@di.uminho.pt
527,cristianoassuncao@di.uminho.pt
528,kandrade@di.uminho.pt
528,sandro53@di.uminho.pt
528,melanieborges@di.uminho.pt
529,alexandra46@di.uminho.pt
529,rafaellopes@di.uminho.pt
529,micaelabreu@di.uminho.pt
530,teresalopes@di.uminho.pt
530,kantunes@di.uminho.pt
530,kbranco@di.uminho.pt
531,enzodomingues@di.uminho.pt
532,anaalmeida@di.uminho.pt
532,smelo@di.uminho.pt
532,arturleite@di.uminho.pt
533,isabelafigueiredo@di.uminho.pt
534,mariarodrigues@di.uminho.pt
535,zmaia@di.uminho.pt
535,hugogomes@di.uminho.pt
536,caetanabatista@di.uminho.pt
536,dinisloureiro@di.uminho.pt
537,assuncaomara@di.uminho.pt
537,ncastro@di.uminho.pt
537,motatome@di.uminho.pt
538,filipeesteves@di.uminho.pt
538,andreiagoncalves@di.uminho.pt
539,ddomingues@di.uminho.pt
539,vvieira@di.uminho.pt
540,dinis61@di.uminho.pt
541,jose01@di.uminho.pt
542,gantunes@di.uminho.pt
542,imota@di.uminho.pt
543,ariana75@di.uminho.pt
544,mgaspar@di.uminho.pt
544,edgar49@di.uminho.pt
545,abaptista@di.uminho.pt
545,uborges@di.uminho.pt
546,qfaria@di.uminho.pt
547,guilhermefigueiredo@di.uminho.pt
547,joaquim41@di.uminho.pt
547,eduarda09@di.uminho.pt
548,nair13@di.uminho.pt
548,marqueswilliam@di.uminho.pt
548,rafaelgoncalves@di.uminho.pt
549,victoria44@di.uminho.pt
549,leandro87@di.uminho.pt
550,andremelo@di.uminho.pt
550,julianalourenco@di.uminho.pt
551,rodriguesnair@di.uminho.pt
551,isabela87@di.uminho.pt
552,hmelo@di.uminho.pt
552,lguerreiro@di.uminho.pt
552,fvalente@di.uminho.pt
553,iris88@di.uminho.pt
553,diego48@di.uminho.pt
553,bandrade@di.uminho.pt
554,soaresandreia@di.uminho.pt
554,lucascarneiro@di.uminho.pt
554,kyara70@di.uminho.pt
555,ivomarques@di.uminho.pt
555,aliciaalves@di.uminho.pt
556,duartesa@di.uminho.pt
557,melomicael@di.uminho.pt
557,luis79@di.uminho.pt
558,arianareis@di.uminho.pt
558,bianca36@di.uminho.pt
559,cardosolarissa@di.uminho.pt
559,henriquesbenjamim@di.uminho.pt
560,monteiroricardo@di.uminho.pt
560,limamara@di.uminho.pt
560,ibatista@di.uminho.pt
561,soraia52@di.uminho.pt
562,simaogarcia@di.uminho.pt
562,ritareis@di.uminho.pt
563,simoesduarte@di.uminho.pt
563,dfigueiredo@di.uminho.pt
564,nuno42@di.uminho.pt
564,joaquim33@di.uminho.pt
565,leticia51@di.uminho.pt
565,lpereira@di.uminho.pt
565,xavier10@di.uminho.pt
566,renato41@di.uminho.pt
566,paulotavares@di.uminho.pt
567,tomeribeiro@di.uminho.pt
568,dmatos@di.uminho.pt
568,osimoes@di.uminho.pt
568,qbarbosa@di.uminho.pt
569,smarques@di.uminho.pt
569,carolina74@di.uminho.pt
569,jesusamelia@di.uminho.pt
570,samuel13@di.uminho.pt
571,jloureiro@di.uminho.pt
571,xmachado@di.uminho.pt
571,wassuncao@di.uminho.pt
572,iandrade@di.uminho.pt
573,lourencoabreu@di.uminho.pt
573,sofia85@di.uminho.pt
573,tomas45@di.uminho.pt
574,fmatos@di.uminho.pt
575,lourenconaiara@di.uminho.pt
575,rodrigo77@di.uminho.pt
575,santiagohenriques@di.uminho.pt
576,estevesjulia@di.uminho.pt
576,antunesraquel@di.uminho.pt
577,icardoso@di.uminho.pt
577,fabiana05@di.uminho.pt
577,lguerreiro@di.uminho.pt
578,daniela36@di.uminho.pt
578,acastro@di.uminho.pt
579,hsa@di.uminho.pt
579,jesussimao@di.uminho.pt
580,beatriz67@di.uminho.pt
580,david35@di.uminho.pt
581,sramos@di.uminho.pt
581,ymacedo@di.uminho.pt
582,pcruz@di.uminho.pt
582,nunesedgar@di.uminho.pt
583,emilia77@di.uminho.pt
584,arianaleal@di.uminho.pt
584,andrehenriques@di.uminho.pt
584,bryangoncalves@di.uminho.pt
585,matias98@di.uminho.pt
585,gcastro@di.uminho.pt
585,silvaangelo@di.uminho.pt
586,vitor99@di.uminho.pt
586,tomas10@di.uminho.pt
586,soaresbeatriz@di.uminho.pt
587,ruimendes@di.uminho.pt
587,xsousa@di.uminho.pt
587,cunhacarolina@di.uminho.pt
588,davidgoncalves@di.uminho.pt
588,carolinapereira@di.uminho.pt
588,larasantos@di.uminho.pt
589,arianamoura@di.uminho.pt
589,monteirowilliam@di.uminho.pt
589,dinisfaria@di.uminho.pt
590,iandrade@di.uminho.pt
591,hbaptista@di.uminho.pt
591,nunesnicole@di.uminho.pt
591,xbranco@di.uminho.pt
592,cruzcarlota@di.uminho.pt
592,omatos@di.uminho.pt
593,enzomelo@di.uminho.pt
593,yasminassuncao@di.uminho.pt
594,gassuncao@di.uminho.pt
595,miamota@di.uminho.pt
595,marcoscarvalho@di.uminho.pt
596,eduardolopes@di.uminho.pt
597,constanca51@di.uminho.pt
597,matosfabiana@di.uminho.pt
598,pintogabriela@di.uminho.pt
599,victoriavicente@di.uminho.pt
599,filipa31@di.uminho.pt
600,naiaravaz@di.uminho.pt
600,torrespilar@di.uminho.pt
600,plourenco@di.uminho.pt
601,melanie54@di.uminho.pt
601,khenriques@di.uminho.pt
601,scosta@di.uminho.pt
602,zalves@di.uminho.pt
602,mauropaiva@di.uminho.pt
603,vieirayara@di.uminho.pt
603,iris80@di.uminho.pt
604,pereiradiana@di.uminho.pt
604,valentina94@di.uminho.pt
604,baptistamelissa@di.uminho.pt
605,sara10@di.uminho.pt
606,lia20@di.uminho.pt
606,znogueira@di.uminho.pt
607,valentediego@di.uminho.pt
608,matildeanjos@di.uminho.pt
608,nascimentovasco@di.uminho.pt
608,biancafernandes@di.uminho.pt
609,cramos@di.uminho.pt
609,carlotabranco@di.uminho.pt
610,adrianacorreia@di.uminho.pt
610,flourenco@di.uminho.pt
610,brancoguilherme@di.uminho.pt
611,raquel30@di.uminho.pt
612,guilhermeteixeira@di.uminho.pt
612,wilsonpacheco@di.uminho.pt
613,castrodaniela@di.uminho.pt
613,marquesfrederico@di.uminho.pt
613,figueiredofilipe@di.uminho.pt
614,nelson47@di.uminho.pt
615,artur11@di.uminho.pt
616,silvalucas@di.uminho.pt
616,qgoncalves@di.uminho.pt
616,elopes@di.uminho.pt
617,yaramiranda@di.uminho.pt
617,kmoreira@di.uminho.pt
618,adomingues@di.uminho.pt
619,batistaartur@di.uminho.pt
619,erica39@di.uminho.pt
619,goncalvesbenjamim@di.uminho.pt
620,storres@di.uminho.pt
620,fernandesangelo@di.uminho.pt
620,yasminribeiro@di.uminho.pt
621,lucianaoliveira@di.uminho.pt
622,mendesmatilde@di.uminho.pt
622,barbosasimao@di.uminho.pt
622,gantunes@di.uminho.pt
623,micaelribeiro@di.uminho.pt
624,gleal@di.uminho.pt
625,loureirofrancisca@di.uminho.pt
625,vandrade@di.uminho.pt
625,kanjos@di.uminho.pt
626,lucianamelo@di.uminho.pt
626,jose78@di.uminho.pt
627,petra69@di.uminho.pt
628,wcruz@di.uminho.pt
628,qmartins@di.uminho.pt
629,ipinto@di.uminho.pt
630,barbosasimao@di.uminho.pt
630,gustavo29@di.uminho.pt
631,edgaresteves@di.uminho.pt
631,batistaadriana@di.uminho.pt
632,gustavo90@di.uminho.pt
632,xborges@di.uminho.pt
632,vmatos@di.uminho.pt
633,benedita79@di.uminho.pt
633,ramosanita@di.uminho.pt
633,fonsecalucas@di.uminho.pt
634,goncaloantunes@di.uminho.pt
634,ismaelmiranda@di.uminho.pt
635,melaniefernandes@di.uminho.pt
635,vazbryan@di.uminho.pt
636,fabio34@di.uminho.pt
636,marcioalmeida@di.uminho.pt
636,tvieira@di.uminho.pt
637,correiabernardo@di.uminho.pt
637,lealbarbara@di.uminho.pt
638,melanienascimento@di.uminho.pt
638,lneves@di.uminho.pt
639,ana84@di.uminho.pt
639,monteirotomas@di.uminho.pt
640,luisaneto@di.uminho.pt
641,claudiopacheco@di.uminho.pt
641,baptistayasmin@di.uminho.pt
642,nascimentoleticia@di.uminho.pt
642,matiasleonor@di.uminho.pt
642,larissamendes@di.uminho.pt
643,flor86@di.uminho.pt
643,santospilar@di.uminho.pt
643,martim75@di.uminho.pt
644,nelson13@di.uminho.pt
645,jaime29@di.uminho.pt
645,machadocamila@di.uminho.pt
646,vleal@di.uminho.pt
647,simoesnuno@di.uminho.pt
647,bfonseca@di.uminho.pt
648,maria82@di.uminho.pt
648,iris30@di.uminho.pt
648,marta80@di.uminho.pt
649,smagalhaes@di.uminho.pt
650,deboracorreia@di.uminho.pt
650,azevedoricardo@di.uminho.pt
651,nair20@di.uminho.pt
652,gil94@di.uminho.pt
653,vieiramartim@di.uminho.pt
653,dbarbosa@di.uminho.pt
653,tiago33@di.uminho.pt
654,macedojose@di.uminho.pt
654,valenterafael@di.uminho.pt
655,bneto@di.uminho.pt
655,moraissamuel@di.uminho.pt
656,vcosta@di.uminho.pt
656,britorodrigo@di.uminho.pt
656,angelobatista@di.uminho.pt
657,jnunes@di.uminho.pt
657,leonardomarques@di.uminho.pt
657,salome76@di.uminho.pt
658,mariovaz@di.uminho.pt
659,moreiratatiana@di.uminho.pt
660,kellyfonseca@di.uminho.pt
660,xnascimento@di.uminho.pt
661,amorimdebora@di.uminho.pt
661,iaravalente@di.uminho.pt
661,emilia99@di.uminho.pt
662,blima@di.uminho.pt
662,renatomartins@di.uminho.pt
663,cesarbarbosa@di.uminho.pt
664,glourenco@di.uminho.pt
664,vazdaniel@di.uminho.pt
665,iloureiro@di.uminho.pt
665,dazevedo@di.uminho.pt
666,umartins@di.uminho.pt
667,isabelabarros@di.uminho.pt
667,marcos58@di.uminho.pt
668,lucianamonteiro@di.uminho.pt
668,margarida97@di.uminho.pt
668,valentemarco@di.uminho.pt
669,lia63@di.uminho.pt
670,jorge79@di.uminho.pt
671,reismarcio@di.uminho.pt
671,xavier05@di.uminho.pt
672,josevaz@di.uminho.pt
672,emapacheco@di.uminho.pt
673,gustavoanjos@di.uminho.pt
673,juliana23@di.uminho.pt
674,micael98@di.uminho.pt
674,jjesus@di.uminho.pt
675,gilcosta@di.uminho.pt
675,matias39@di.uminho.pt
675,mpires@di.uminho.pt
676,freitassimao@di.uminho.pt
676,vitoria58@di.uminho.pt
677,sousaisaac@di.uminho.pt
677,smelo@di.uminho.pt
678,larissaandrade@di.uminho.pt
678,csantos@di.uminho.pt
679,pfaria@di.uminho.pt
679,ocardoso@di.uminho.pt
679,helena04@di.uminho.pt
680,danielavalente@di.uminho.pt
680,mariana69@di.uminho.pt
680,mateusribeiro@di.uminho.pt
681,emoreira@di.uminho.pt
681,loureirojorge@di.uminho.pt
681,bmaia@di.uminho.pt
682,fonsecairina@di.uminho.pt
682,saracorreia@di.uminho.pt
682,hleite@di.uminho.pt
683,abreueduarda@di.uminho.pt
683,tomasmoura@di.uminho.pt
684,barrossandro@di.uminho.pt
684,tatiana40@di.uminho.pt
684,victoria03@di.uminho.pt
685,vasco21@di.uminho.pt
686,qlourenco@di.uminho.pt
687,ricardovieira@di.uminho.pt
687,matosjoel@di.uminho.pt
688,nuria11@di.uminho.pt
688,rochadiana@di.uminho.pt
688,breis@di.uminho.pt
689,andradebruna@di.uminho.pt
690,spaiva@di.uminho.pt
690,helenavieira@di.uminho.pt
690,leitenuria@di.uminho.pt
691,carminhomachado@di.uminho.pt
691,andreiafreitas@di.uminho.pt
691,vieiraleticia@di.uminho.pt
692,leonardo33@di.uminho.pt
693,bryangoncalves@di.uminho.pt
694,pilarlourenco@di.uminho.pt
695,tmartins@di.uminho.pt
696,wmacedo@di.uminho.pt
696,mdomingues@di.uminho.pt
697,angela22@di.uminho.pt
697,ugomes@di.uminho.pt
698,goncalvesdiego@di.uminho.pt
698,ericabarros@di.uminho.pt
698,samuel94@di.uminho.pt
699,rafaela32@di.uminho.pt
700,lealanita@di.uminho.pt
701,loureirodavid@di.uminho.pt
701,samuelnascimento@di.uminho.pt
702,irocha@di.uminho.pt
703,iriscoelho@di.uminho.pt
703,noa11@di.uminho.pt
704,emmabarbosa@di.uminho.pt
704,mbranco@di.uminho.pt
705,paivaigor@di.uminho.pt
706,marco57@di.uminho.pt
706,irina91@di.uminho.pt
706,henriquegaspar@di.uminho.pt
707,jsoares@di.uminho.pt
707,biancaalves@di.uminho.pt
707,alvaronunes@di.uminho.pt
708,irisrodrigues@di.uminho.pt
709,freitasclaudio@di.uminho.pt
709,ylima@di.uminho.pt
710,dianacorreia@di.uminho.pt
710,gasparrui@di.uminho.pt
710,laramagalhaes@di.uminho.pt
711,bryanpacheco@di.uminho.pt
711,andresa@di.uminho.pt
712,cardosojose@di.uminho.pt
712,torresamelia@di.uminho.pt
712,rsantos@di.uminho.pt
713,alexandre41@di.uminho.pt
714,tiagohenriques@di.uminho.pt
714,diana98@di.uminho.pt
714,testeves@di.uminho.pt
715,mateusribeiro@di.uminho.pt
715,antonio72@di.uminho.pt
715,goncalo79@di.uminho.pt
716,torresmario@di.uminho.pt
717,angelosoares@di.uminho.pt
717,barbarafreitas@di.uminho.pt
718,emapacheco@di.uminho.pt
719,matilde81@di.uminho.pt
719,miguelloureiro@di.uminho.pt
720,diego70@di.uminho.pt
720,leitejorge@di.uminho.pt
721,igoranjos@di.uminho.pt
721,zfernandes@di.uminho.pt
721,lourencoenzo@di.uminho.pt
722,moreiraariana@di.uminho.pt
722,mazevedo@di.uminho.pt
722,uribeiro@di.uminho.pt
723,rvaz@di.uminho.pt
724,raqueloliveira@di.uminho.pt
724,lauraantunes@di.uminho.pt
725,zsousa@di.uminho.pt
725,ramoslucia@di.uminho.pt
725,patricianeto@di.uminho.pt
726,wbatista@di.uminho.pt
726,nascimentonelson@di.uminho.pt
726,fpinheiro@di.uminho.pt
727,salvadornunes@di.uminho.pt
728,rochacarlota@di.uminho.pt
729,gustavogarcia@di.uminho.pt
729,camila10@di.uminho.pt
729,goncalvesmatias@di.uminho.pt
730,yribeiro@di.uminho.pt
730,carneiromanuel@di.uminho.pt
730,liaamaral@di.uminho.pt
731,sofia83@di.uminho.pt
731,azevedoismael@di.uminho.pt
731,emelo@di.uminho.pt
732,xpinto@di.uminho.pt
733,hmelo@di.uminho.pt
734,josegarcia@di.uminho.pt
734,machadoerica@di.uminho.pt
734,maialuisa@di.uminho.pt
735,jessica75@di.uminho.pt
736,vitoria07@di.uminho.pt
737,williamleite@di.uminho.pt
738,noagarcia@di.uminho.pt
739,moraisjessica@di.uminho.pt
739,gomesemanuel@di.uminho.pt
739,omachado@di.uminho.pt
740,gabrielafigueiredo@di.uminho.pt
740,miguel92@di.uminho.pt
741,carolinapereira@di.uminho.pt
741,jorgeabreu@di.uminho.pt
742,pandrade@di.uminho.pt
742,caetanalourenco@di.uminho.pt
743,qcoelho@di.uminho.pt
743,barbara59@di.uminho.pt
744,dominguesflor@di.uminho.pt
744,tomefreitas@di.uminho.pt
744,correiabryan@di.uminho.pt
745,fernando69@di.uminho.pt
746,galves@di.uminho.pt
746,resteves@di.uminho.pt
746,ialmeida@di.uminho.pt
747,lpereira@di.uminho.pt
748,matosjessica@di.uminho.pt
748,margaridahenriques@di.uminho.pt
748,goncalveshugo@di.uminho.pt
749,ericaoliveira@di.uminho.pt
749,estevessoraia@di.uminho.pt
749,osantos@di.uminho.pt
750,mauro17@di.uminho.pt
750,kevimguerreiro@di.uminho.pt
751,juliaamaral@di.uminho.pt
751,carolinamota@di.uminho.pt
751,ecorreia@di.uminho.pt
752,jneves@di.uminho.pt
752,kelly46@di.uminho.pt
752,ncunha@di.uminho.pt
753,batistabenjamim@di.uminho.pt
753,limafabiana@di.uminho.pt
753,fernandesmarta@di.uminho.pt
754,emarques@di.uminho.pt
755,catarina29@di.uminho.pt
755,kyara28@di.uminho.pt
756,cbarbosa@di.uminho.pt
757,biancamiranda@di.uminho.pt
757,vasco66@di.uminho.pt
758,kelly65@di.uminho.pt
758,moreiraleticia@di.uminho.pt
758,gbaptista@di.uminho.pt
759,rochaguilherme@di.uminho.pt
760,renatomendes@di.uminho.pt
760,vicente53@di.uminho.pt
761,santosmauro@di.uminho.pt
761,fonsecadaniel@di.uminho.pt
762,pmacedo@di.uminho.pt
762,ferreirasimao@di.uminho.pt
763,rafaela18@di.uminho.pt
764,moraisbianca@di.uminho.pt
764,qmatos@di.uminho.pt
764,mauro88@di.uminho.pt
765,alvaro23@di.uminho.pt
766,dbrito@di.uminho.pt
767,antonio23@di.uminho.pt
768,xaviermatos@di.uminho.pt
769,lourencorodrigues@di.uminho.pt
769,xcampos@di.uminho.pt
769,bsa@di.uminho.pt
770,mafalda13@di.uminho.pt
770,ariana35@di.uminho.pt
771,martinscatarina@di.uminho.pt
771,debora68@di.uminho.pt
772,macedovera@di.uminho.pt
772,fabio95@di.uminho.pt
773,carneirovera@di.uminho.pt
773,rui21@di.uminho.pt
773,omatos@di.uminho.pt
774,xmartins@di.uminho.pt
774,igormagalhaes@di.uminho.pt
775,maralopes@di.uminho.pt
775,jmoreira@di.uminho.pt
776,carolinacunha@di.uminho.pt
776,motadaniela@di.uminho.pt
776,anita15@di.uminho.pt
777,fabio26@di.uminho.pt
777,nunessimao@di.uminho.pt
778,jorgesa@di.uminho.pt
778,helenaloureiro@di.uminho.pt
778,simoeskyara@di.uminho.pt
779,paivarita@di.uminho.pt
780,leiteandre@di.uminho.pt
781,wilson50@di.uminho.pt
781,sara76@di.uminho.pt
782,ferreirasergio@di.uminho.pt
782,angelovieira@di.uminho.pt
783,noa64@di.uminho.pt
784,yasminleite@di.uminho.pt
785,melorodrigo@di.uminho.pt
785,macedorafaela@di.uminho.pt
785,gil92@di.uminho.pt
786,melissagoncalves@di.uminho.pt
786,petra50@di.uminho.pt
786,emanuel42@di.uminho.pt
787,rodriguesdaniel@di.uminho.pt
787,baraujo@di.uminho.pt
788,nsantos@di.uminho.pt
788,mia90@di.uminho.pt
788,beatriz60@di.uminho.pt
789,wmendes@di.uminho.pt
789,diego80@di.uminho.pt
789,diogoanjos@di.uminho.pt
790,ymelo@di.uminho.pt
791,lopesnuno@di.uminho.pt
791,hgoncalves@di.uminho.pt
791,ymelo@di.uminho.pt
792,gaspar71@di.uminho.pt
793,xaviersilva@di.uminho.pt
794,vieiralara@di.uminho.pt
794,xleite@di.uminho.pt
795,orodrigues@di.uminho.pt
795,joelgarcia@di.uminho.pt
796,artur31@di.uminho.pt
796,galves@di.uminho.pt
796,mafalda38@di.uminho.pt
797,sfigueiredo@di.uminho.pt
798,ruben22@di.uminho.pt
798,alvaroleal@di.uminho.pt
799,umatos@di.uminho.pt
800,limamateus@di.uminho.pt
800,aliciarocha@di.uminho.pt
801,manuel24@di.uminho.pt
801,kazevedo@di.uminho.pt
802,kyarabarros@di.uminho.pt
803,tmartins@di.uminho.pt
803,lealalvaro@di.uminho.pt
803,pintolara@di.uminho.pt
804,antunesmario@di.uminho.pt
805,alvesmicael@di.uminho.pt
805,sramos@di.uminho.pt
806,biancaesteves@di.uminho.pt
807,luisamatias@di.uminho.pt
807,fernandesfabiana@di.uminho.pt
807,sara66@di.uminho.pt
808,jaimedomingues@di.uminho.pt
808,david11@di.uminho.pt
809,martinsiara@di.uminho.pt
809,larissamachado@di.uminho.pt
810,alexandrasa@di.uminho.pt
810,hhenriques@di.uminho.pt
811,mcruz@di.uminho.pt
812,luca62@di.uminho.pt
812,wsoares@di.uminho.pt
812,alvessalome@di.uminho.pt
813,alvaro94@di.uminho.pt
814,amatias@di.uminho.pt
814,hloureiro@di.uminho.pt
815,esteveskelly@di.uminho.pt
815,carlosvieira@di.uminho.pt
815,sandrade@di.uminho.pt
816,dpinto@di.uminho.pt
816,castrokevin@di.uminho.pt
817,nlopes@di.uminho.pt
818,ericagomes@di.uminho.pt
818,kevimcarneiro@di.uminho.pt
818,enzocampos@di.uminho.pt
819,xcarvalho@di.uminho.pt
819,jaime02@di.uminho.pt
819,leonorlopes@di.uminho.pt
820,greis@di.uminho.pt
820,mgaspar@di.uminho.pt
821,emma19@di.uminho.pt
822,luna13@di.uminho.pt
823,joao44@di.uminho.pt
823,julia92@di.uminho.pt
824,reisfilipe@di.uminho.pt
825,hugosimoes@di.uminho.pt
826,vera03@di.uminho.pt
826,luca32@di.uminho.pt
826,matildemartins@di.uminho.pt
827,britojaime@di.uminho.pt
827,guilherme64@di.uminho.pt
828,rodrigo91@di.uminho.pt
828,rpacheco@di.uminho.pt
828,iabreu@di.uminho.pt
829,gil52@di.uminho.pt
830,sarafaria@di.uminho.pt
831,fariacarminho@di.uminho.pt
831,inunes@di.uminho.pt
831,angelalourenco@di.uminho.pt
832,fredericolourenco@di.uminho.pt
832,cardosoduarte@di.uminho.pt
833,lopessalvador@di.uminho.pt
834,joao33@di.uminho.pt
835,igor14@di.uminho.pt
835,gaspar68@di.uminho.pt
836,lisandro11@di.uminho.pt
836,emilia55@di.uminho.pt
837,luciana27@di.uminho.pt
837,pachecopatricia@di.uminho.pt
838,vascoassuncao@di.uminho.pt
839,nair88@di.uminho.pt
840,cunhakelly@di.uminho.pt
840,bryan01@di.uminho.pt
840,hugo30@di.uminho.pt
841,acoelho@di.uminho.pt
842,sofia41@di.uminho.pt
842,estevescarminho@di.uminho.pt
842,alicia92@di.uminho.pt
843,piresfrederico@di.uminho.pt
843,enzo64@di.uminho.pt
843,larissa81@di.uminho.pt
844,monteirovasco@di.uminho.pt
845,marquesnicole@di.uminho.pt
846,rodrigocruz@di.uminho.pt
846,violetasimoes@di.uminho.pt
847,jcardoso@di.uminho.pt
847,umonteiro@di.uminho.pt
848,barbaraesteves@di.uminho.pt
848,lisandroalves@di.uminho.pt
849,filipa83@di.uminho.pt
850,ruben53@di.uminho.pt
850,pfigueiredo@di.uminho.pt
851,silvadaniel@di.uminho.pt
851,marta57@di.uminho.pt
851,rafael55@di.uminho.pt
852,adriana50@di.uminho.pt
852,bryanabreu@di.uminho.pt
852,mendesjuliana@di.uminho.pt
853,aoliveira@di.uminho.pt
854,gazevedo@di.uminho.pt
854,wsa@di.uminho.pt
854,davidfaria@di.uminho.pt
855,naiara63@di.uminho.pt
856,nunogarcia@di.uminho.pt
857,gjesus@di.uminho.pt
858,gasparluciana@di.uminho.pt
858,filipemarques@di.uminho.pt
859,angeloabreu@di.uminho.pt
860,miaazevedo@di.uminho.pt
860,eloureiro@di.uminho.pt
860,cruzvalentina@di.uminho.pt
861,pborges@di.uminho.pt
861,vicentebaptista@di.uminho.pt
861,melanie62@di.uminho.pt
862,luna89@di.uminho.pt
862,gomesfabio@di.uminho.pt
862,tomeleite@di.uminho.pt
863,larissaamaral@di.uminho.pt
863,fonsecafernando@di.uminho.pt
863,emilia05@di.uminho.pt
864,aliciapires@di.uminho.pt
864,qmendes@di.uminho.pt
864,assuncaofernando@di.uminho.pt
865,torresdavid@di.uminho.pt
865,lpereira@di.uminho.pt
866,ocampos@di.uminho.pt
867,meloivan@di.uminho.pt
868,estevesmelissa@di.uminho.pt
868,iaralima@di.uminho.pt
868,lcampos@di.uminho.pt
869,reisdebora@di.uminho.pt
869,gabriel46@di.uminho.pt
869,nloureiro@di.uminho.pt
870,salvador88@di.uminho.pt
870,ngomes@di.uminho.pt
870,yara09@di.uminho.pt
871,ilopes@di.uminho.pt
871,isabelacunha@di.uminho.pt
871,piresleonor@di.uminho.pt
872,yasmin51@di.uminho.pt
872,iassuncao@di.uminho.pt
873,eva40@di.uminho.pt
873,vicenterenato@di.uminho.pt
874,correiaariana@di.uminho.pt
874,nascimentofilipe@di.uminho.pt
875,silvalorena@di.uminho.pt
876,salome00@di.uminho.pt
877,petramota@di.uminho.pt
877,azevedopaulo@di.uminho.pt
877,zfernandes@di.uminho.pt
878,benjamim55@di.uminho.pt
879,violeta35@di.uminho.pt
879,saracosta@di.uminho.pt
879,matiashugo@di.uminho.pt
880,aliceribeiro@di.uminho.pt
880,figueiredotome@di.uminho.pt
880,mouraismael@di.uminho.pt
881,mirandamiriam@di.uminho.pt
881,motaleandro@di.uminho.pt
881,beatriz34@di.uminho.pt
882,juliana70@di.uminho.pt
882,caetana01@di.uminho.pt
882,helena06@di.uminho.pt
883,tomas36@di.uminho.pt
883,lucas39@di.uminho.pt
883,rcampos@di.uminho.pt
884,igorleal@di.uminho.pt
884,rvaz@di.uminho.pt
884,veramarques@di.uminho.pt
885,cpaiva@di.uminho.pt
885,carneiroluana@di.uminho.pt
885,marcoabreu@di.uminho.pt
886,vitor78@di.uminho.pt
886,yteixeira@di.uminho.pt
886,britobernardo@di.uminho.pt
887,kevinborges@di.uminho.pt
888,vitoria38@di.uminho.pt
888,abreusebastiao@di.uminho.pt
889,fabianarocha@di.uminho.pt
889,coelhodavid@di.uminho.pt
890,irina99@di.uminho.pt
891,canjos@di.uminho.pt
892,gomesruben@di.uminho.pt
892,violetabrito@di.uminho.pt
893,hugobrito@di.uminho.pt
893,jneto@di.uminho.pt
893,tmoura@di.uminho.pt
894,diego58@di.uminho.pt
894,cnascimento@di.uminho.pt
894,arturcardoso@di.uminho.pt
895,tatiana44@di.uminho.pt
895,ema87@di.uminho.pt
896,julia18@di.uminho.pt
896,diogo54@di.uminho.pt
896,brancoleandro@di.uminho.pt
897,jessicabatista@di.uminho.pt
897,margaridaloureiro@di.uminho.pt
897,rmatos@di.uminho.pt
898,goncalvessamuel@di.uminho.pt
898,lopesdinis@di.uminho.pt
899,duarte22@di.uminho.pt
900,cardosodiogo@di.uminho.pt
900,angelomacedo@di.uminho.pt
900,nogueiravitoria@di.uminho.pt
901,fguerreiro@di.uminho.pt
902,alicia34@di.uminho.pt
902,goncalo70@di.uminho.pt
903,sebastiaotavares@di.uminho.pt
904,cazevedo@di.uminho.pt
905,ymachado@di.uminho.pt
905,nmoura@di.uminho.pt
905,ralmeida@di.uminho.pt
906,jessicabarbosa@di.uminho.pt
907,carvalhojoaquim@di.uminho.pt
908,ivanreis@di.uminho.pt
908,samuel89@di.uminho.pt
909,giltavares@di.uminho.pt
909,emilia07@di.uminho.pt
909,kevin88@di.uminho.pt
910,pinhoandreia@di.uminho.pt
910,coelholorena@di.uminho.pt
911,rmonteiro@di.uminho.pt
912,zcastro@di.uminho.pt
912,matiasyasmin@di.uminho.pt
912,antunesdebora@di.uminho.pt
913,miriam79@di.uminho.pt
913,david26@di.uminho.pt
914,qpereira@di.uminho.pt
914,nunesjulia@di.uminho.pt
914,franciscocosta@di.uminho.pt
915,ismaelmota@di.uminho.pt
916,daniel37@di.uminho.pt
916,vitor77@di.uminho.pt
917,olima@di.uminho.pt
918,gustavo68@di.uminho.pt
918,luciana03@di.uminho.pt
919,sasebastiao@di.uminho.pt
920,rhenriques@di.uminho.pt
921,ritarodrigues@di.uminho.pt
921,tfreitas@di.uminho.pt
922,nuriafigueiredo@di.uminho.pt
923,fredericocarvalho@di.uminho.pt
923,hdomingues@di.uminho.pt
923,uaraujo@di.uminho.pt
924,garcianoah@di.uminho.pt
925,adriana86@di.uminho.pt
926,britosoraia@di.uminho.pt
927,cunhalucas@di.uminho.pt
928,enzo55@di.uminho.pt
928,ovieira@di.uminho.pt
929,amaralema@di.uminho.pt
929,miasoares@di.uminho.pt
930,tcardoso@di.uminho.pt
930,branconicole@di.uminho.pt
930,pedrotorres@di.uminho.pt
931,nesteves@di.uminho.pt
932,joana49@di.uminho.pt
933,tmagalhaes@di.uminho.pt
933,pedro42@di.uminho.pt
934,ema93@di.uminho.pt
935,barbaravalente@di.uminho.pt
935,umachado@di.uminho.pt
935,ppereira@di.uminho.pt
936,xantunes@di.uminho.pt
937,jesuslara@di.uminho.pt
937,ileal@di.uminho.pt
938,vazangela@di.uminho.pt
939,denismoreira@di.uminho.pt
940,sjesus@di.uminho.pt
940,nalmeida@di.uminho.pt
941,ymota@di.uminho.pt
941,lvalente@di.uminho.pt
942,valentim22@di.uminho.pt
942,lcruz@di.uminho.pt
942,diego85@di.uminho.pt
943,noa18@di.uminho.pt
943,mendespedro@di.uminho.pt
944,phenriques@di.uminho.pt
945,lorena25@di.uminho.pt
946,barbaralima@di.uminho.pt
947,piressandro@di.uminho.pt
947,tiago34@di.uminho.pt
948,anitasoares@di.uminho.pt
948,abreuerika@di.uminho.pt
948,emoura@di.uminho.pt
949,unascimento@di.uminho.pt
949,ericamachado@di.uminho.pt
949,henriquesgustavo@di.uminho.pt
950,soraia94@di.uminho.pt
951,rmatos@di.uminho.pt
951,wilsonfigueiredo@di.uminho.pt
952,andreandrade@di.uminho.pt
952,marcos74@di.uminho.pt
952,anitamaia@di.uminho.pt
953,claudiocardoso@di.uminho.pt
953,marquescesar@di.uminho.pt
954,jessica54@di.uminho.pt
954,lmelo@di.uminho.pt
955,nascimentoerika@di.uminho.pt
956,jaime05@di.uminho.pt
956,vbrito@di.uminho.pt
956,silvadiogo@di.uminho.pt
957,enzopinto@di.uminho.pt
957,sebastiao03@di.uminho.pt
957,qneves@di.uminho.pt
958,sassuncao@di.uminho.pt
958,pedro39@di.uminho.pt
959,loureiromia@di.uminho.pt
959,madalena57@di.uminho.pt
960,tgomes@di.uminho.pt
961,uabreu@di.uminho.pt
961,mendespedro@di.uminho.pt
961,bnogueira@di.uminho.pt
962,figueiredowilliam@di.uminho.pt
963,clarafernandes@di.uminho.pt
963,eborges@di.uminho.pt
964,kmoreira@di.uminho.pt
964,nogueiraema@di.uminho.pt
965,vfernandes@di.uminho.pt
965,magalhaesguilherme@di.uminho.pt
966,nuriagaspar@di.uminho.pt
967,netomatilde@di.uminho.pt
967,wrocha@di.uminho.pt
968,erica21@di.uminho.pt
969,vvaz@di.uminho.pt
970,wamorim@di.uminho.pt
970,santiago91@di.uminho.pt
970,fernando96@di.uminho.pt
971,yvieira@di.uminho.pt
971,zfaria@di.uminho.pt
971,freitasmatias@di.uminho.pt
972,ruben22@di.uminho.pt
972,abreuedgar@di.uminho.pt
973,loliveira@di.uminho.pt
973,lsantos@di.uminho.pt
974,tpinheiro@di.uminho.pt
974,matiasanita@di.uminho.pt
974,isabel60@di.uminho.pt
975,margaridalopes@di.uminho.pt
975,luciacorreia@di.uminho.pt
975,vpacheco@di.uminho.pt
976,camilaazevedo@di.uminho.pt
977,barrosrenata@di.uminho.pt
977,larissareis@di.uminho.pt
977,iaragaspar@di.uminho.pt
978,lucas26@di.uminho.pt
978,voliveira@di.uminho.pt
978,andradenoah@di.uminho.pt
979,llourenco@di.uminho.pt
979,garciamarcio@di.uminho.pt
979,aassuncao@di.uminho.pt
980,carolina08@di.uminho.pt
981,eduardobranco@di.uminho.pt
981,lia48@di.uminho.pt
982,qgomes@di.uminho.pt
983,clara39@di.uminho.pt
983,znogueira@di.uminho.pt
984,hpinho@di.uminho.pt
985,valentim22@di.uminho.pt
986,zantunes@di.uminho.pt
986,lourenco10@di.uminho.pt
986,raquel00@di.uminho.pt
987,amarques@di.uminho.pt
987,ana49@di.uminho.pt
988,gpaiva@di.uminho.pt
988,arianaoliveira@di.uminho.pt
989,lrocha@di.uminho.pt
989,sfonseca@di.uminho.pt
989,cruzbrian@di.uminho.pt
990,noah34@di.uminho.pt
991,artur52@di.uminho.pt
991,spacheco@di.uminho.pt
992,leiteiara@di.uminho.pt
992,sandro81@di.uminho.pt
992,greis@di.uminho.pt
993,kazevedo@di.uminho.pt
993,pireshelena@di.uminho.pt
994,maiajoana@di.uminho.pt
994,isabel73@di.uminho.pt
994,nalves@di.uminho.pt
995,bruna37@di.uminho.pt
995,enzo56@di.uminho.pt
996,baptistamauro@di.uminho.pt
997,verapinto@di.uminho.pt
997,gcosta@di.uminho.pt
998,marqueskelly@di.uminho.pt
998,melomaria@di.uminho.pt
998,joaquim84@di.uminho.pt
999,camila76@di.uminho.pt
999,pintosalvador@di.uminho.pt
999,ivoleal@di.uminho.pt
