Id,Designacao,CustoAgencia,CustoCliente,Descricao
0,Observação de Manchas de Sangue,20.0,49.99,"Através da topografia das manchas, é possível determinar a posição do corpo no momento da morte."
1,Recolha de Impressões Digitais,15.0,39.99,A recolha de impressões digitais é uma técnica utilizada para identificar pessoas através das suas impressões digitais.
2,Revistar o Local de Trabalho,100.0,199.99,"Abordagem ao cliente, de modo a identificar possíveis motivações no local de trabalho."
3,Recolha de Vestígios de ADN,25.0,59.99,A recolha de vestígios de ADN é uma técnica utilizada para identificar pessoas através do seu ADN.
4,Recolha de Vestígios de Pólvora,30.0,69.99,"Consiste na recolha de vestígios de pólvora, para identificar possíveis armas de crime."
5,Monitorização de Suspeitos,100.0,305.99,Consiste na observação detalhada do dia a dia de um suspeito.
6,Recolha de Vestígios de Sangue,35.0,79.99,A recolha de sangue pode identificar a presença de suspeitos em locais de crime.
7,Inquérito,0.0,160.99,"Com o objetivo de serem esclarecidas possíveis dúvidas, é feito um inquérito ao cliente."
8,Pizza Party,600.2,1000.0,Os agentes também merecem alguma diversão
