Id,Nome,Morada,NIF,LocalTrabalho
0,Eva Torres,"Avenida Araújo, S/N",633932671,Universidade do Minho
1,Isabel Silva,"R. de Brito, 130",686149173,Universidade do Minho
2,Kyara Mota,"Rua de Dom Fradique, 846",500295808,Universidade do Minho
3,Manuel Mendes,"Rua Erica Costa, 58",969655304,Universidade do Minho
4,Gil Correia-Tavares,"Av de Pina Manique, 73",318825260,Universidade do Minho
5,Lara Loureiro,"Largo Isabel Pacheco, 12",283058048,Universidade de Coimbra (UC)
6,Eduardo Alves-Abreu,"Avenida dos Jacarandás, 64",909231354,Universidade do Minho
7,Leonardo Coelho,"Avenida de Mendes, S/N",880995610,Universidade de Évora (UE)
8,Constança Melo,"Av Marques, 58",334328543,Universidade do Minho
9,Nelson Pires,"R. de Baptista, 81",959450238,Universidade do Minho
10,Júlia Magalhães,"Rua Carlota Fernandes, 88",840235100,Universidade do Minho
11,Erika Neves-Barbosa,"Largo de Neto, 955",969753004,Universidade do Minho
12,Erica Tavares,"Praça Vitória Gaspar, 63",490078281,Universidade do Minho
13,Renata Vicente,,933211830,Universidade do Minho
14,Mateus Melo,"Largo de Magalhães, S/N",113627947,Universidade do Minho
15,Nair-Mélanie Batista,"Praça Alexandra Santos, 93",924726113,Instituto Politécnico de Bragança (IPB)
16,Carlota Cardoso,,419634614,Universidade de Évora (UE)
17,Luca Rocha,"Travessa Matias Leite, S/N",951459201,Universidade do Minho
18,Mara-Anita Macedo,"Largo de Reis, 75",678106045,Universidade do Minho
19,Ricardo Tavares,"Largo de São João de Deus, 45",339776781,Universidade do Minho
20,Joaquim Vieira,"Travessa Nelson Gonçalves, 6",670541400,Universidade do Minho
21,Rafael Soares,"Travessa de Martins, S/N",553445219,Universidade do Minho
22,Emma Cruz,"Av Bento Martins, 7",433275600,Universidade do Minho
23,Rúben Amorim,"Largo Sofia Sousa, 428",384249426,Universidade do Minho
24,Lourenço Abreu,"Av das Canas, 79",252008740,Universidade do Minho
25,António Maia,"Rua Gaspar, S/N",584946082,Universidade do Minho
26,Guilherme Mota,"Alameda Neto, 37",199425868,Universidade do Minho
27,Íris Batista-Branco,"R. Amaral, 81",959395733,Universidade do Minho
28,Sofia Matias,"Alameda Pinheiro, S/N",254471641,Universidade do Minho
29,Diana da Assunção,"Alameda Cunha, 99",872652548,Universidade do Minho
30,Paulo Monteiro,"Av Manuel Pinto de Azevedo Júnior, 99",310829488,Universidade do Minho
31,Melissa de Amorim,"Praça das Âncoras, 9",273509390,Universidade do Minho
32,Edgar da Santos,"Av Lourenço Amorim, 3",693777702,Instituto Politécnico de Macau (IPM)
33,Mariana Ribeiro,"Travessa Jesus, S/N",966649486,Universidade Fernando Pessoa (UFP)
34,Mauro Azevedo,"R. de Pires, 116",404421733,Universidade do Minho
35,Dinis Freitas,"Largo Madrid, 638",259533599,Universidade do Minho
36,Luca Leite-Borges,"Avenida de Santo António dos Capuchos, 98",772397074,Universidade do Minho
37,Henrique do Moura,,264861507,Universidade do Minho
38,Salomé Rocha,"Av de Andrade, 63",837301300,Instituto Politécnico de Lisboa (IPL)
39,Mélanie Vieira,"Largo Matos, 688",678239304,Instituto Politécnico de Coimbra (IPC)
40,Raquel Paiva,"Alameda Emanuel Torres, 583",672100622,Universidade do Minho
41,César Ramos,"Avenida de José Régio, S/N",962719722,Universidade do Minho
42,Yara Ferreira,"Av de Araújo, 8",505250357,Universidade do Minho
43,João Nunes,"Praça Rafael Pires, 50",702807630,Universidade Aberta (UAb)
44,Nicole de Amorim,"Avenida de Reis, 37",112447872,Universidade do Minho
45,Nádia Batista-Morais,"Av Andrade, 96",341958743,Universidade da Beira Interior (UBI)
46,Gaspar Domingues,,983611556,Instituto Politécnico do Porto (IPP)
47,José Domingues,"Av de Santa Clara, 1",462935264,Universidade do Minho
48,Constança-Vitória Amorim,"Praça Denis Pinho, 54",804746524,Universidade do Minho
49,Luna Gomes-Carvalho,"Av de Costa Cabral, 696",788035592,Universidade do Minho
50,Mateus Morais,"Av Moura, S/N",837324408,Universidade de Lisboa (ULisboa)
51,Paulo Cardoso-Ramos,"Travessa da Ranha, 362",465303889,Universidade do Minho
52,Ismael Nogueira,"Avenida Vera Teixeira, 301",412464233,Universidade do Minho
53,Xavier Soares,"R. Matos, 7",634735810,Universidade do Minho
54,Tatiana Mendes-Ramos,"R. Paiva, S/N",867416416,Universidade do Minho
55,Rita-Ana Miranda,"Rua de Torres, 40",938405454,Universidade do Minho
56,Luísa Amorim,"R. Samuel Fonseca, 64",975939483,Universidade do Minho
57,Gabriel Melo,"Travessa Renata Moreira, 71",737119276,Universidade do Minho
58,Miriam da Fonseca,"Largo Valentina Faria, 57",437687899,Universidade do Minho
59,Gil Branco,"Largo de Pacheco, 423",825774489,Instituto Politécnico de Coimbra (IPC)
60,Mara Barros,"Rua Gomes, 28",193060779,Universidade do Minho
61,Noah Andrade,,833223267,Universidade do Minho
62,Tomás Sousa-Barbosa,,376439980,Universidade do Minho
63,Lia-Kyara Costa,"Av do Machado, 512",195414675,Instituto Politécnico de Cávado e do Ave (IPCA)
64,Caetana Fernandes,"Praça Mendes, 530",257033165,Universidade do Minho
65,Mia Baptista,"Rua Pacheco, 6",107493390,Universidade do Minho
66,Santiago do Machado,"Rua do Dr. Jaime Cortesão, 75",964469324,Universidade do Minho
67,Ismael Azevedo,"Av do Dr. Jaime Cortesão, 99",639997104,Universidade Autónoma de Lisboa (UAL)
68,Ângela Guerreiro,"Alameda Mário Soares, 25",169464091,Universidade do Minho
69,Nair Soares,"Travessa Ramos, 13",108378616,Universidade do Minho
70,Joel Amorim,,300416920,Universidade do Minho
71,Emanuel Cardoso,"Praça da Alfândega, 966",893321028,Universidade do Minho
72,Amélia Ribeiro,,281884617,Universidade do Minho
73,Leonardo Coelho,"R. de Ferreira, 976",231713266,Universidade do Minho
74,Ivo Domingues,,908601956,Universidade do Minho
75,Ângela de Santos,"Rua Emanuel Leite, 1",597963517,Universidade do Minho
76,Madalena Vicente,"R. Núria Cardoso, 25",524462682,Universidade do Minho
77,Lisandro Ribeiro,"R. de Magalhães, 8",321850521,Universidade Aberta (UAb)
78,Érica Fernandes,"Av de Martins, 7",148551459,Universidade do Minho
79,Diana Matos,"Rua de Sidónio Pais, 56",378458957,Universidade do Minho
80,Luísa-Sofia Branco,"Largo de Loureiro, 87",364742887,Universidade do Minho
81,Mário Carvalho,"Avenida Cláudio Baptista, 439",513485007,Universidade do Minho
82,Ângela do Matos,"R. de Domingues, S/N",352752920,Universidade do Minho
83,Mafalda Sousa,"Travessa de Costa, S/N",266256198,Universidade do Minho
84,Petra-Pilar Gonçalves,"Avenida das Cebolas, 6",590335170,Universidade do Minho
85,Sérgio Figueiredo,"Praça dos Fenícios, 6",882150316,Universidade de Aveiro (UA)
86,Beatriz Pacheco,"Av Paulo Guerreiro, 93",237135434,Universidade do Minho
87,Cláudio Sá-Borges,"Largo Martim Sá, 54",273301187,Universidade do Minho
88,Luís Amaral,,125436165,Universidade do Minho
89,Daniela Baptista,"Largo Marques, 9",752737716,Universidade do Minho
90,Rafaela Gonçalves,"Largo Vicente, 2",372634192,Universidade do Minho
91,Tatiana do Cardoso,"Largo Augusto Monjardino, S/N",189819090,Universidade do Minho
92,Jéssica do Mendes,"Avenida Jéssica Henriques, 624",723687552,Universidade do Minho
93,Ivan Sousa,"Rua de Alves, 6",461314380,Universidade da Beira Interior (UBI)
94,César Azevedo-Alves,"R. de Neves, 54",266169287,Universidade de Évora (UE)
95,Iara do Marques,"Av do Trancão, 96",665497873,Universidade do Minho
96,Dinis Morais,"Praça de Miranda, S/N",337653437,Universidade do Minho
97,Maria Pereira,"Avenida General Afonso Botelho, 51",907946240,Universidade do Minho
98,Artur Leite,"Largo Eduardo Alves, 28",209548630,Universidade da Madeira (UMa)
99,Xavier Batista,"Praça Gonçalves, 70",443279420,Universidade de Évora (UE)
100,Leandro Gonçalves,"Travessa da Cruz, 72",208466690,Universidade do Minho
101,Mélanie Pacheco,"Travessa de Ribeiro Sanches, 854",444753729,Universidade do Minho
102,Diego Lima,"Avenida de Loureiro, 18",927047829,Universidade do Minho
103,Nair Nogueira,"Av Adriana Baptista, S/N",793334900,Universidade do Porto (UP)
104,Rui Costa,,888036167,Instituto Politécnico de Braga (IPBraga)
105,Afonso Teixeira,"Travessa Lisandro Pinheiro, 659",626675570,Universidade Católica Portuguesa (UCP)
106,Iara Paiva,,932544789,Universidade do Minho
107,João Cunha,"Av de Lamas, 536",663817412,Universidade do Minho
108,Ivo Neto-Pinho,"Av das Garças, 627",276125126,Universidade do Minho
109,Jéssica Amaral,"Rua Panorâmica Edgar Cardoso, 4",718546466,Instituto Politécnico de Lisboa (IPL)
110,Mauro do Teixeira,"R. Vieira, 53",379605759,Universidade de Évora (UE)
111,Íris Amorim,"Alameda das Conchas, 49",619998563,Universidade do Minho
112,Jorge Correia,"Alameda Márcio Amaral, 7",116956852,Universidade do Minho
113,Mateus Oliveira,"R. de Pacheco, 949",387504451,Universidade do Minho
114,Lia Castro-Carvalho,"Largo de Matias, 983",777784807,Universidade do Minho
115,Emma Moura,"Travessa Rui Cunha, S/N",719842875,Universidade do Minho
116,Bernardo Araújo,"Largo Coronel Marques Júnior, 93",734596081,Universidade do Minho
117,Nádia Gonçalves,"R. Domingues, 45",347145329,Universidade do Minho
118,Rita Valente,"Av de Leal, 8",456202358,Instituto Politécnico de Santarém (IPSantarem)
119,Wilson Costa-Rodrigues,"Praça de Neto, 559",815712367,Universidade do Minho
120,Luana Pinheiro,"Travessa das Antas, 581",458708216,Universidade Autónoma de Lisboa (UAL)
121,Jéssica-Rita Magalhães,,975051016,Universidade Fernando Pessoa (UFP)
122,Fernando Sá-Gonçalves,"Rua Morais, 1",263047865,Universidade do Minho
123,Victória da Azevedo,"Av Simões, S/N",567394751,Universidade do Minho
124,Mara Carneiro,"R. Patrícia Simões, 66",631891706,Universidade do Minho
125,Clara Almeida,"Travessa da Conceição, S/N",326198067,Universidade do Minho
126,Ariana-Patrícia Castro,"Travessa de Araújo, S/N",821539493,Universidade do Minho
127,Luís Gaspar,"R. Emanuel Andrade, 666",554508915,Universidade do Minho
128,Valentim Lopes,"Av Sousa, 655",330805142,Universidade do Minho
129,Juliana Barbosa,"Alameda Oliveira, 97",662341945,Universidade do Minho
130,Leonor Macedo-Mota,"Av Panorâmica Edgar Cardoso, 60",548230463,Universidade do Minho
131,Igor Magalhães,"Rua Almeida, 17",629642192,Universidade do Minho
132,Alexandre da Alves,"Largo Coronel Marques Júnior, 2",444190414,Universidade do Minho
133,Artur Neves,"R. de Campos, 948",842155791,Universidade do Minho
134,Daniela Freitas,"Avenida de Marques, 47",307875776,Universidade do Minho
135,Beatriz Abreu,"Largo Mahatma Gandhi, 8",680823530,Universidade do Minho
136,Benedita-Valentina Sousa,"Alameda Cardoso, S/N",376248998,Universidade do Minho
137,Diana Neto-Mendes,"R. Mário Ruivo, S/N",427179432,Universidade do Minho
138,Denis Cunha-Baptista,"Rua Figueiredo, 492",898449090,Universidade do Minho
139,Anita Miranda,"Travessa Rita Lourenço, S/N",403564824,Universidade do Minho
140,Francisca de Neves,"Largo de Gonçalves, 9",709534302,Universidade do Minho
141,Sérgio Melo-Henriques,"R. de Neptuno, 65",819281298,Universidade do Minho
142,Eduarda-Júlia Rocha,"Av Isabela Valente, 2",898805287,Universidade da Madeira (UMa)
143,Joana-Mariana Carneiro,"Rua Faria, 53",668819774,Universidade do Minho
144,Manuel Machado,,426053931,Universidade do Minho
145,Letícia Cardoso,"Largo da Sé, 717",627797393,Universidade do Minho
146,Petra de Simões,"Rua Cristiano Rodrigues, 51",633332127,Instituto Politécnico de Beja (IPBeja)
147,Victória-Erica Moura,"Travessa Henriques, 81",275317099,Universidade Lusófona de Humanidades e Tecnologias (ULHT)
148,Soraia Matias,"Avenida Ribeiro, 8",720749182,Universidade do Porto (UP)
149,Soraia da Rodrigues,"R. Gabriela Araújo, 75",828431434,Universidade do Minho
150,Nicole Amorim,"Av do Mar, S/N",625848640,Universidade do Minho
151,Fabiana Simões,"Travessa de Matias, 535",958797692,Instituto Politécnico de Castelo Branco (IPCB)
152,Jéssica Ferreira,"Alameda de Maia, 6",952702428,Universidade do Minho
153,Cristiano Cunha,"R. de Assunção, 61",411511475,Universidade do Minho
154,Matias Leal,"Avenida Barros, 49",521860776,Universidade do Minho
155,Yara Leite,"Av de Torres, 2",466975902,Universidade do Minho
156,Carlos Barros-Matos,"Praça de Antunes, 50",185373836,Universidade de Coimbra (UC)
157,William Esteves-Machado,"Av Almirante Pinheiro de Azevedo, 14",975375490,Instituto Politécnico de Santarém (IPSantarem)
158,Pilar Leal,,296419494,Universidade do Minho
159,Eduarda Carneiro,"Largo Madrid, S/N",610699717,Universidade do Minho
160,Dinis Faria,"R. Naiara Almeida, 52",836974417,Universidade do Minho
161,Cláudio Alves-Araújo,"Praça da Fonte de Cima, 9",992132320,Universidade do Minho
162,Lourenço da Amorim,"Alameda das Nações, S/N",611330865,Universidade do Minho
163,Joel Vaz,"R. Campos, S/N",381217639,Instituto Politécnico de Castelo Branco (IPCB)
164,Rúben Gaspar,"Rua Mota, S/N",515923486,Instituto Politécnico de Bragança (IPB)
165,Helena-Isabel Gaspar,"Travessa Teófilo Ferreira, 89",539005657,Universidade do Minho
166,Margarida Magalhães,"Travessa da Conceição, 8",536282714,Universidade do Minho
167,Micael Moreira,"Travessa do Monte de S. João, 53",794968996,Universidade do Minho
168,Cláudio de Soares,"Av de Melo, 48",940014637,Universidade do Minho
169,Frederico Fonseca,"Travessa Martins, 68",394665830,Universidade Portucalense Infante D. Henrique (UPT)
170,Pilar Macedo,"Rua de Soares, 15",867069082,Universidade do Minho
171,Rúben Cunha,"R. Martim Teixeira, 45",543040160,Universidade do Minho
172,Fábio Borges,"Largo Brian Reis, 45",505922720,Universidade do Minho
173,Dinis Pinho,"Av do Roleto, 2",909266514,Universidade do Minho
174,Andreia Monteiro-Silva,"Travessa da Pedreira, 27",791051137,Universidade do Minho
175,Violeta Azevedo,"Largo Guilherme Vaz, 27",219643083,Universidade do Minho
176,Pilar Lima,"Largo Gil Torres, 63",754719766,Universidade do Minho
177,Ângela da Ribeiro,"Avenida Anjos, 4",816477582,Universidade do Minho
178,Flor-Emília Torres,,877920052,Universidade da Madeira (UMa)
179,César do Machado,"Travessa de Pina Manique, 1",995711453,Universidade do Minho
180,Leonor-Kyara Baptista,"Av das Antas, 74",564784346,Universidade do Minho
181,Alícia do Abreu,"Alameda Andrade, S/N",930937090,Universidade do Minho
182,Gabriel do Matias,"Rua do Monte da Lapa, S/N",439168708,Universidade do Minho
183,Edgar Oliveira-Coelho,"Alameda de Gondomar, 49",983078815,Universidade do Minho
184,Edgar Lima,,458960160,Universidade do Minho
185,César Teixeira,"Av Goelas de Pau, 456",182815005,Universidade do Minho
186,Gabriela-Juliana Faria,"R. Victória Guerreiro, 75",369589696,Universidade do Minho
187,David Silva,"Travessa Brito, 59",954931734,Universidade do Minho
188,Mateus Borges,"Alameda do Anjo da Guarda, 58",720520827,Universidade do Minho
189,Fabiana Batista,"Largo Luísa Loureiro, 522",523759398,Universidade do Minho
190,Miguel do Freitas,"R. Marta Ferreira, 77",782027180,Universidade do Minho
191,Adriana Lourenço,"Praça Ribeiro, 88",157248267,Universidade Autónoma de Lisboa (UAL)
192,Helena Freitas,"R. de Antunes, S/N",448419955,Universidade do Minho
193,Matilde Miranda-Esteves,"Rua Caetana Nunes, 28",714739049,Universidade do Minho
194,Maria Cruz,"Travessa Jéssica Araújo, S/N",886738342,Universidade do Minho
195,Petra-Miriam Pires,"Rua de Antunes, 25",954583477,Instituto Politécnico de Braga (IPBraga)
196,Leonardo Borges-Branco,"Av de Simões, 5",272634514,Universidade do Minho
197,Nair Santos,"Av de Almeida, 5",773093796,Universidade do Minho
198,Lucas Loureiro,"Av Isaac Teixeira, 46",346434521,Universidade do Minho
199,Ana Campos,"R. de Batista, 502",921704950,Universidade do Minho
200,Hugo Vieira,"Travessa Eduarda Fonseca, 893",811788377,Universidade do Minho
201,Violeta Soares,,231123779,Universidade de Évora (UE)
202,Carlos Costa,"Travessa da Luz, 994",480367132,Universidade de Évora (UE)
203,Francisco Tavares,"Travessa Gil Gomes, 55",724425357,Universidade do Minho
204,Nádia Assunção,"Av Gonçalves, 20",117477800,Universidade do Minho
205,Júlia Almeida,"Avenida Anjos, 42",156358174,Universidade do Minho
206,Luca Abreu,,593067606,Universidade do Minho
207,Rafaela Faria,,424738031,Universidade do Minho
208,Isaac Lourenço,"Avenida Pires, 48",400249154,Instituto Politécnico de Lisboa (IPL)
209,Lorena de Brito,,642564701,Universidade do Minho
210,Artur Sousa,,683014170,Instituto Politécnico de Castelo Branco (IPCB)
211,Amélia Maia,"Praça de Vaz, 75",601156773,Universidade do Minho
212,Mariana Maia,"Praça dos Fenícios, 36",586967397,Universidade do Minho
213,Santiago Batista,"Travessa Brian Andrade, S/N",747858055,Universidade do Minho
214,Cristiano Domingues,"R. do Borratém, 92",478152655,Universidade do Porto (UP)
215,Daniela Carvalho,"Rua do Alto do Varejão, 926",188076522,Universidade do Minho
216,Catarina-Maria Moura,"Praça do Leal, 1",438959868,Universidade do Minho
217,Erica de Torres,"Largo de Ramos, 2",265528658,Universidade do Minho
218,Tatiana Lopes,"Av Lopes, 50",754525309,Universidade do Minho
219,Rafael Lima,"Av Sá, 75",602440785,Universidade do Minho
220,André Maia,"Rua de Faria, 4",431135320,Universidade do Minho
221,André Batista,"Praça de Garcia, 23",815757131,Universidade do Minho
222,Soraia Almeida,"Avenida Borges, 90",310160545,Universidade do Minho
223,Benedita Torres,"Travessa Morais, 750",921950730,Universidade do Minho
224,Filipe Cardoso,"Alameda Matilde Morais, 79",834364522,Instituto Politécnico de Lisboa (IPL)
225,Lara Martins,"Rua Nelson Barbosa, 68",691186014,Universidade do Minho
226,Lorena Faria,"Praça Lara Cunha, 83",695187309,Instituto Politécnico de Setúbal (IPS)
227,Lara Tavares-Nascimento,"Av Fábio Antunes, 67",583898831,Instituto Politécnico de Castelo Branco (IPCB)
228,Luciana da Henriques,"R. Baptista, 85",760206406,Universidade do Minho
229,Gaspar Barros,"R. Ribeiro, S/N",519718151,Universidade do Minho
230,Eva Magalhães,"Av Teresa Nascimento, 2",872153550,Universidade de Aveiro (UA)
231,Hugo Nunes,"Rua do Brasil (Porto), 5",137061897,Universidade do Minho
232,Rúben Monteiro,"Avenida de Reis, S/N",932381960,Universidade do Minho
233,Eduarda-Lúcia Moura,,949145050,Universidade do Minho
234,Rui Monteiro,"Alameda Garcia, S/N",368654168,Universidade do Minho
235,Flor Fernandes,"Av de Pires, 1",335216714,Universidade do Minho
236,Rodrigo Maia,"R. de Cruz, S/N",393981711,Instituto Politécnico de Beja (IPBeja)
237,Adriana Coelho,"Largo de Andrade, 6",792843258,Universidade do Minho
238,Mélanie Soares,"Alameda de Maceda, 9",868513512,Universidade do Minho
239,Samuel Macedo-Monteiro,"Avenida de Paiva, 40",588398020,Universidade do Minho
240,Érica Pires,"Praça de Fontes Pereira de Melo, 27",682026123,Universidade do Minho
241,Lia Cruz,"Av de Carvalho, 17",930685407,Universidade do Minho
242,Ângelo Azevedo,"Praça Emma Nogueira, 80",610460676,Universidade do Minho
243,Gonçalo Reis-Cruz,"Avenida das Cegonhas, S/N",949395196,Universidade da Beira Interior (UBI)
244,José Andrade,"Alameda Moreira, 270",774745207,Universidade do Minho
245,Joel Miranda,"Avenida Rafael Branco, 81",334389267,Universidade do Minho
246,William Oliveira,"Rua Jesus, S/N",643851569,Universidade do Minho
247,André Magalhães,,477700799,Instituto Politécnico de Tomar (IPT)
248,Letícia do Vicente,"Travessa de Azevedo, S/N",181370352,Universidade do Minho
249,Filipe Fonseca-Paiva,"Travessa Amaral, S/N",168126931,Universidade do Minho
250,Fernando Matos,"Praça Garcia, S/N",600401553,Instituto Politécnico de Braga (IPBraga)
251,Carminho Domingues,"Praça de Antero de Figueiredo, 75",123837561,Universidade do Minho
252,Yasmin Carvalho,"R. 9 de Abril, 4",619385073,Universidade do Minho
253,Enzo Nunes,"Praça do Codeçal, 685",588470210,Universidade do Minho
254,Luísa Machado,"Largo Costa, 527",192262866,Universidade do Minho
255,Duarte Batista,"R. de Vasco da Gama, S/N",844592153,Universidade do Minho
256,Ivan Brito,"R. de Ramos, S/N",185014127,Universidade do Minho
257,Alice do Leite,"Alameda de Caselas, 51",799984400,Instituto Politécnico da Guarda (IPG)
258,Cristiano Pacheco,"Travessa Azevedo, 66",699251087,Universidade do Minho
259,Helena-Vera Melo,"Alameda de Oliveira, 6",548953473,Instituto Politécnico de Portalegre (IPP)
260,Irina de Pereira,"R. Alves, 42",256818665,Universidade do Minho
261,Micael Cunha,"Travessa de Amaral, S/N",942646223,Universidade do Minho
262,Fernando Rodrigues-Anjos,"Av de Valente, S/N",432779000,Universidade do Minho
263,Edgar Barros,"Travessa de Vinte e Quatro de Agosto, 45",789205807,Universidade do Minho
264,Xavier Martins,"Av Simões, S/N",584510470,Instituto Politécnico de Castelo Branco (IPCB)
265,Emília Jesus,,708017878,Universidade de Aveiro (UA)
266,Yasmin Gonçalves,"Av David Lourenço, 68",825682312,Universidade da Beira Interior (UBI)
267,Joel Matias,"Praça de Torres, 44",471271349,Universidade do Minho
268,Naiara Brito-Andrade,,690358415,Instituto Politécnico de Lisboa (IPL)
269,Isaac Abreu-Marques,"Praça Sofia Guerreiro, S/N",832942359,Universidade de Lisboa (ULisboa)
270,Vítor Araújo,"Av Morais, 5",490698204,Universidade do Minho
271,Bruno Costa,"Largo do Cais das Pedras, S/N",928094030,Universidade Lusófona de Humanidades e Tecnologias (ULHT)
272,Luana Valente,"Alameda de Maia, 81",889597456,Universidade do Minho
273,Ismael Pereira-Araújo,"Alameda Ricardo Ferreira, 65",256079560,Universidade do Minho
274,Rafael de Mendes,"Praça Erika Rocha, 2",506245667,Universidade do Minho
275,Noa Freitas,"R. Ferreira, 17",798940034,Universidade do Minho
276,Mariana Sá-Domingues,"Travessa do Dr. Fernando de Azeredo Antas, S/N",441563155,Universidade do Minho
277,Luísa Mota,"Rua das Naus, 58",357808363,Universidade do Minho
278,Filipe Fernandes,"Travessa Lorena Correia, 888",989735761,Universidade do Minho
279,Constança Martins,"R. Patrícia Lima, 50",878417974,Universidade do Minho
280,Carolina Correia,"Av Mota, 84",322987504,Universidade do Minho
281,Clara Barros,"Praça Joana Assunção, 1",126554099,Universidade do Minho
282,Samuel Abreu,"Av Gonçalves, 42",110525752,Universidade do Minho
283,Bryan Rocha,"Praça Matias, S/N",682589179,Universidade do Minho
284,Diego Antunes,,533832225,Universidade do Minho
285,Isabela Fernandes,,445031905,Universidade Aberta (UAb)
286,Luca Araújo,"Travessa Eduardo Soares, 6",469631821,Instituto Politécnico de Bragança (IPB)
287,Alice Paiva,"R. Bárbara Alves, 45",713911565,Universidade do Minho
288,Lara Guerreiro-Batista,"Alameda Bryan Reis, S/N",909736774,Universidade do Minho
289,Júlia Gomes,"Rua Coronel Marques Júnior, 168",305498070,Universidade da Beira Interior (UBI)
290,Mafalda Correia,"R. Leal, 563",962311880,Instituto Politécnico de Santarém (IPSantarem)
291,Maria Teixeira,"Largo de Soares, 47",917017072,Universidade do Minho
292,Camila Martins,"Praça Vera Neves, 9",883513862,Universidade do Minho
293,Juliana Neto,"Alameda Rocha, S/N",359217931,Universidade do Minho
294,Carolina Azevedo,"R. Gabriela Pires, 7",114287775,Universidade Europeia (UE)
295,Raquel Macedo,"Avenida Iara Batista, 334",387181008,Universidade de Lisboa (ULisboa)
296,Larissa Simões,"R. Vaz, 996",874057876,Universidade do Minho
297,Hugo Figueiredo,"Alameda Vasco Henriques, 51",679477829,Universidade do Minho
298,Isaac Loureiro,"R. das Musas, 253",462668126,Universidade do Minho
299,Ema Ramos,"R. de Domingues, 27",546987389,Universidade do Minho
300,Salomé Brito,"Rua Pedro Morais, 982",644858613,Universidade do Minho
301,Camila Fonseca,"R. Matias, 370",424024012,Universidade Aberta (UAb)
302,Vera Vaz,"Avenida de Torres, S/N",553454838,Universidade do Minho
303,Vera Almeida,"Largo Jesus, 78",903588960,Universidade do Minho
304,Vítor Reis,"Largo de Vicente, 30",650559916,Universidade do Minho
305,Júlia Antunes,"Rua Bárbara Baptista, 6",718631978,Instituto Politécnico de Viana do Castelo (IPVC)
306,Alexandre Anjos,"Rua da Nau Catrineta, S/N",686296958,Universidade de Lisboa (ULisboa)
307,Rafael Campos,"Travessa de Monchique, 42",935875905,Universidade do Minho
308,Igor Marques,"R. Santos, 23",325486689,Universidade do Minho
309,Mauro da Valente,"Av Daniel Andrade, 88",651755620,Universidade do Minho
310,Cláudio Vieira,"Avenida de Teixeira, 40",871849380,Universidade do Minho
311,Lia Cunha,"Travessa Joana Melo, 6",330679546,Universidade Aberta (UAb)
312,Noah Sousa,"Rua Lourenço, 8",413054640,Universidade do Minho
313,Nelson Tavares,"Rua de Vicente, 70",808842315,Universidade do Minho
314,Alexandra Moura,"R. Mendes, S/N",468177434,Universidade do Minho
315,Carolina Rodrigues,"Avenida de Azevedo, 12",656484330,Universidade do Minho
316,Frederico Mendes,"Praça Matias Amaral, 493",506677680,Instituto Politécnico de Santarém (IPSantarem)
317,Jaime de Nunes,"Largo de Baptista, S/N",793144434,Universidade do Minho
318,Paulo Tavares,"Travessa Petra Correia, 28",903899167,Universidade do Minho
319,Gustavo Ramos,"Travessa do Prof. Egas Moniz, 5",714159786,Universidade do Minho
320,Érica Gaspar,"Largo Cardoso, 7",487722230,Universidade do Minho
321,Eva-Bárbara Almeida,"R. das Âncoras, 7",302713999,Universidade do Minho
322,Fernando Ribeiro,"Largo de Magalhães, 44",409977810,Universidade do Minho
323,Eduardo Carneiro,"Travessa Nacional 108, 20",222217456,Universidade da Madeira (UMa)
324,Eva Freitas,"Travessa de Loureiro, 54",485674238,Universidade do Minho
325,Ângelo Monteiro,"Avenida Carlota Amorim, 29",842884874,Universidade Europeia (UE)
326,Rafaela Marques,"Rua Maestro Ivo Cruz, 1",284689416,Universidade do Minho
327,David de Martins,"Rua Oliveira, 23",574484531,Universidade do Minho
328,Artur Barros-Teixeira,"Av de Garcia, 2",944466923,Universidade do Minho
329,Alícia Carvalho,"R. Mariana Faria, 42",486805379,Universidade do Minho
330,Sofia Matos,"Alameda de Moreira, 18",794731783,Universidade Fernando Pessoa (UFP)
331,Inês Nogueira,"Alameda de Fonseca, 84",430116136,Universidade do Minho
332,Constança Santos,"Rua Domingues, 869",426832388,Universidade do Minho
333,Isabel Faria,"Alameda Vítor Lima, 17",938553232,Universidade do Minho
334,Núria Fonseca,"Rua Alves, 59",773633928,Universidade do Minho
335,Renato Carvalho,"Largo Mota, 66",938979337,Universidade do Minho
336,Nádia Costa,"R. Catarina Guerreiro, 14",772065632,Universidade do Minho
337,Luca Barbosa,"Travessa da Música, 880",792948076,Universidade do Minho
338,Soraia Esteves,"Rua de Coelho, 38",574085769,Universidade do Minho
339,Paulo Andrade,"Praça das Canas, 912",218803079,Universidade do Minho
340,Gabriel Valente,"Rua Nunes, 208",212752294,Universidade Lusíada (ULusíada)
341,Tatiana do Mota,"Av de Ramos, 44",658981854,Universidade do Minho
342,Nelson Nunes,"Avenida Torres, 33",334004926,Universidade do Minho
343,Carminho Pinto,"Largo Carvalho, 268",243342721,Instituto Politécnico de Castelo Branco (IPCB)
344,Daniel Araújo,"Rua de Neptuno, 58",755184629,Universidade Lusíada (ULusíada)
345,Santiago Pinto,"Largo das Chagas, 764",204036461,Universidade do Minho
346,Mário Baptista,"Alameda Gabriel Moura, 2",108362698,Universidade do Minho
347,Joel Cruz,"Rua David Tavares, 4",207789770,Universidade Autónoma de Lisboa (UAL)
348,Artur Sousa,"Rua Rita Antunes, 40",687677432,Universidade do Minho
349,Mariana Freitas-Gaspar,"Av de Baptista, 31",925859427,Universidade do Minho
350,Íris Gonçalves,"R. Sara Domingues, 46",305573357,Universidade do Minho
351,Márcio Garcia-Brito,,454890079,Universidade do Minho
352,Paulo Barros,"Largo Noah Leite, 33",557563143,Universidade do Minho
353,Fernando Barros,"Largo Esteves, S/N",150205996,Universidade do Minho
354,Lia Faria,"Alameda do Levante, 89",373613016,Instituto Politécnico de Lisboa (IPL)
355,Diana do Loureiro,"Largo Manuel Esteves, 477",796709378,Universidade do Minho
356,Flor Assunção,,718336186,Universidade do Minho
357,Kelly Amaral,"Alameda do Ouro, 48",474510808,Universidade do Minho
358,Fábio Cunha,"Praça Letícia Barros, S/N",250342731,Universidade do Minho
359,Luciana Valente,"Travessa Abreu, 49",963010298,Universidade do Minho
360,Diogo Campos,"R. Naiara Coelho, S/N",600595960,Universidade do Minho
361,Ismael Nascimento-Gaspar,"Praça de Silva, 4",999688561,Universidade do Minho
362,Rui da Guerreiro,"Av da Senhora da Lapa, S/N",808218905,Universidade do Minho
363,Júlia Martins,"Avenida Nair Loureiro, 64",230206778,Universidade do Minho
364,Sofia Carvalho,"Largo de Lamas, 99",388277173,Universidade do Minho
365,Ângela Nogueira,"Travessa Alexandre Silva, 38",543534618,Universidade do Minho
366,Sandro Branco,"R. das Virtudes, 17",913377287,Universidade da Madeira (UMa)
367,Maria de Rodrigues,"Avenida Yara Lima, S/N",125318103,Universidade do Minho
368,Pedro Soares,"Av Filipe Carneiro, S/N",210086203,Universidade do Minho
369,Rafael Torres-Paiva,,316094382,Universidade do Minho
370,Carlota Lopes,"Travessa da Pasteleira, 863",216280958,Universidade do Minho
371,Denis Simões,"Avenida de Paiva, 2",622627406,Universidade do Minho
372,Eva Fonseca,"Rua dos Escaleres, 65",109154797,Universidade de Aveiro (UA)
373,Beatriz Antunes,"Rua Brito, 138",218190913,Universidade do Minho
374,Violeta Faria,"Travessa Joana Lopes, 1",235819476,Universidade do Minho
375,Noah de Azevedo,"Avenida Renata Magalhães, 29",110583329,Universidade de Coimbra (UC)
376,Daniela Campos,"Avenida de Neves, 816",931257883,Universidade do Minho
377,Juliana do Antunes,"Alameda de Reis, 635",128813890,Universidade do Minho
378,Luana Marques,"Travessa de Santa Helena, 9",177637897,Universidade do Minho
379,Afonso Loureiro,"Rua das Âncoras, S/N",956929648,Universidade do Minho
380,Irina Neto,"Rua Pinheiro, 42",769746080,Universidade do Minho
381,Lia Ribeiro,"R. Caetana Carvalho, 1",468244697,Universidade de Aveiro (UA)
382,Rúben Jesus,"Av Alves, 67",811006816,Universidade do Minho
383,Rui Loureiro,"Avenida Mário Ruivo, 191",280166117,Universidade do Minho
384,Fernando Gonçalves,"Largo Maria Neto, 20",492015996,Universidade do Minho
385,Xavier de Batista,"Largo de Freitas, 64",334262852,Universidade do Minho
386,Lourenço Vicente,"Rua de Silva, 593",550042571,Universidade do Minho
387,Lúcia Fernandes,"Rua de Batista, 1",264478398,Universidade do Minho
388,Renata Monteiro,"Largo Érica Maia, 91",308888855,Universidade do Minho
389,Tiago Gonçalves,"Praça Freitas, 42",636090639,Universidade do Minho
390,Daniel Pinto,"R. Barbosa, S/N",654279900,Universidade do Minho
391,Miriam Abreu,"Alameda Gonçalves, 18",642839131,Universidade do Minho
392,Pedro Valente,"Avenida do Castelo, 7",585112452,Universidade do Minho
393,Fábio Domingues,"Travessa do Prof. Ruy Luís Gomes, 80",949976741,Universidade do Minho
394,Alícia Ribeiro,"Rua de Cardoso, 836",940720361,Universidade do Minho
395,Erika Correia,"R. da Circunvalação, 64",124743986,Universidade do Minho
396,Raquel Nunes,"Av Flor Rodrigues, 583",890650934,Universidade do Minho
397,Bruna-Eva Magalhães,"Travessa Vicente Pinho, 362",283282207,Universidade Lusófona de Humanidades e Tecnologias (ULHT)
398,Núria Moura,"Rua da Beneditina, 38",503719579,Instituto Politécnico de Portalegre (IPP)
399,Mara Vieira,"R. Teófilo Ferreira, 85",323096042,Universidade do Minho
400,Benedita Castro,"Avenida Maia, 4",364371579,Universidade do Minho
401,Miriam Moura,,506461165,Universidade do Minho
402,Joana Guerreiro,"R. de Mendes, S/N",105864285,Instituto Politécnico de Tomar (IPT)
403,Isabel Assunção,"Avenida Branco, 984",947672842,Universidade do Minho
404,Violeta do Anjos,"Alameda Patrícia Melo, 504",180696033,Universidade do Minho
405,Débora Ribeiro-Paiva,"R. Benjamim Loureiro, 319",835349705,Universidade do Minho
406,Fabiana Guerreiro,"R. de Pacheco, S/N",590854429,Universidade do Minho
407,Bryan Barbosa,"Av Ramos, S/N",385403747,Universidade do Minho
408,Mário de Vieira,"Alameda Figueiredo, 89",901345709,Universidade Portucalense Infante D. Henrique (UPT)
409,Victória do Fonseca,"Praça de Carrilho Videira, 67",803150059,Universidade do Minho
410,Carolina Costa,"Travessa Pires, 4",545068274,Instituto Politécnico de Coimbra (IPC)
411,Kelly Moreira,"Avenida Edgar Nunes, S/N",573425310,Instituto Politécnico de Santarém (IPSantarem)
412,Yasmin Matias,"Alameda Grande, 9",139403906,Universidade do Minho
413,Benjamim Martins,,105798150,Universidade do Minho
414,Denis Neves,"Alameda Carvalho, 926",245906924,Universidade do Minho
415,Mafalda Figueiredo,"Largo de Gondomar, 2",468896880,Universidade Autónoma de Lisboa (UAL)
416,Lorena-Beatriz Figueiredo,"Travessa Kevin Matias, 425",700603603,Universidade do Minho
417,Ricardo Guerreiro,,531189511,Universidade do Minho
418,Inês-Raquel Gaspar,"Av de Santos, 495",360113982,Universidade do Minho
419,Henrique Nunes,"Travessa Ismael Fonseca, 299",860634710,Universidade do Minho
420,Luís Nogueira,"Av Rodrigo Pinheiro, 17",977704203,Universidade do Minho
421,Sebastião Matos,,140377433,Instituto Politécnico de Viana do Castelo (IPVC)
422,Ariana Macedo,"Praça do Mirante, 5",416070680,Universidade do Minho
423,Mário Macedo,,180290789,Universidade do Minho
424,Melissa Faria,"Rua Barros, 72",589404440,Instituto Politécnico de Bragança (IPB)
425,Joana da Vaz,"Alameda de Pacheco, 36",546535470,Universidade do Minho
426,Petra-Isabel Abreu,"Largo Vaz, 289",136718400,Universidade do Minho
427,Vera Barbosa,"R. Ariana Pinho, 722",574681825,Universidade do Minho
428,Juliana Lima,"Alameda do Almirante Gago Coutinho, 96",811953424,Universidade do Minho
429,Denis Valente,"Alameda Leite, 10",836044290,Universidade do Minho
430,Henrique Costa,"R. da Lingueta, 61",355645661,Universidade do Minho
431,Helena-Luana Nascimento,"R. da Vitória, S/N",637610032,Universidade do Minho
432,Gil do Guerreiro,"Largo Oliveira, 4",463183150,Universidade do Minho
433,Gaspar Miranda,"Rua Arquitecto Carlos Ramos, 56",807143278,Universidade do Porto (UP)
434,Melissa Brito,"Avenida Esteves, 2",937122386,Universidade Lusófona do Porto (ULP)
435,Lucas Melo,"Alameda do Mar, 72",968745920,Instituto Politécnico de Setúbal (IPS)
436,Márcio Cruz,"Travessa de Azevedo, 14",545202345,Universidade do Minho
437,Fábio Baptista,"Travessa de Batista, 85",328133647,Universidade de Coimbra (UC)
438,Kévim Simões,"Largo Diana Baptista, S/N",964111462,Universidade do Minho
439,Jéssica Lopes,,414965612,Universidade do Minho
440,Renato Ramos,"Largo Leite, 1",746671954,Universidade Católica Portuguesa (UCP)
441,Rita Castro,"R. de Leite, S/N",181729229,Instituto Politécnico do Porto (IPP)
442,Daniela Domingues,"Praça da Feiteira, 88",707593387,Universidade do Minho
443,Helena Ferreira,"Rua Isabel Loureiro, 96",924967170,Universidade da Madeira (UMa)
444,Álvaro Araújo,"Largo Erika Campos, S/N",744772419,Universidade de Trás-os-Montes e Alto Douro (UTAD)
445,Ivan Mota,"Travessa Batista, 398",264972767,Universidade do Minho
446,Gustavo Rodrigues,"Rua do Carvão, 16",148190626,Universidade do Minho
447,Valentim da Figueiredo,"Praça Jesus, 81",317865919,Universidade do Minho
448,Vicente Marques,"Rua do Colégio, 44",178431753,Universidade do Minho
449,Guilherme Leite-Vicente,,269031049,Universidade do Minho
450,Gabriel Pires-Batista,"Rua do Prof. Hernâni Monteiro, 908",469188111,Universidade do Minho
451,Bárbara Anjos,"Av Vieira, 27",122535529,Universidade do Minho
452,Raquel Reis-Pacheco,"R. de Faria, 5",932083242,Universidade do Minho
453,Lucas Jesus,"Avenida do Almirante Gago Coutinho, 53",479341311,Universidade dos Açores (UAc)
454,Ismael Carneiro,"Largo de Luiz I, 55",664073018,Universidade do Minho
455,Soraia Vicente,"Rua Nuno Carvalho, S/N",272748684,Universidade do Minho
456,Iara Vicente,"R. de Amorim, 94",420318062,Universidade do Minho
457,Isabela Santos,"Largo de Carvalho, 1",431812586,Universidade do Minho
458,Diego Moura,"Avenida Francisca Pacheco, 42",797839437,Universidade do Minho
459,Edgar Maia,"Rua do Viso, 5",234068795,Universidade do Minho
460,Cláudio da Pinheiro,"Travessa de Machado, 72",590075659,Universidade do Minho
461,Manuel Alves,"Av Matos, 26",294766790,Universidade Lusíada (ULusíada)
462,Lisandro Miranda,"Largo de S. Mamede, 1",122371305,Universidade do Minho
463,Manuel do Magalhães,"R. Mário Macedo, 75",519874021,Universidade do Minho
464,Pedro Fonseca,"Rua Patrícia Nunes, S/N",193029588,Universidade do Porto (UP)
465,Ângela Garcia,"Av de Fernandes, S/N",200975463,Universidade do Minho
466,Ema Cardoso,"R. do Calhau, 15",536065853,Universidade do Minho
467,Luísa Jesus,"Alameda de Fernandes, 7",732261589,Universidade do Minho
468,Lisandro do Barbosa,"Rua Gabriel Reis, 243",342685619,Universidade da Madeira (UMa)
469,Tomás da Costa,"Travessa Almeida, S/N",925125490,Universidade do Minho
470,Amélia Costa,"R. Oliveira, S/N",241027250,Universidade do Minho
471,Francisca Carvalho,"Travessa de Abreu, 506",823401464,Instituto Politécnico de Tomar (IPT)
472,Nádia Neto-Abreu,"Av Wilson Matos, 497",806007940,Universidade do Minho
473,Tomé Lima,"Avenida Araújo, 75",831156988,Universidade do Minho
474,Luís Lourenço-Araújo,"Praça de Faria, 8",811296849,Universidade do Minho
475,Alícia Martins-Costa,"Travessa Emília Antunes, 5",475705068,Universidade do Minho
476,Jaime Leal,"Largo Nascimento, 22",174336322,Universidade do Minho
477,Matilde Lopes,"Travessa de Monchique, 694",663826691,Universidade do Minho
478,Kevin Borges,"Av Brito, 98",558150284,Universidade do Minho
479,Hugo Faria,"Av Oliveira, 25",504487698,Universidade do Minho
480,Bryan Almeida,"R. Micael Figueiredo, 845",782419747,Universidade do Minho
481,Carminho Paiva,"Rua Campos, S/N",766391680,Universidade do Minho
482,Igor Cruz,"Av de Maceda, 15",347324940,Universidade do Minho
483,Kyara Pereira,"R. dos Capitães de Abril, 33",489445918,Universidade do Minho
484,Ariana Pinho-Pereira,"Largo de Gomes, S/N",915019833,Universidade do Minho
485,Bruna-Nair Soares,"Praça de Francisco Borges, 59",192128302,Universidade do Minho
486,Leonor Campos,"Praça Ferreira, 1",487296494,Universidade do Minho
487,Álvaro Pinto,"Travessa de João Augusto Ribeiro, 39",353946214,Universidade do Minho
488,Caetana Amorim-Jesus,"Rua Alice Cruz, 282",584379110,Instituto Politécnico de Santarém (IPSantarem)
489,Leonardo Macedo,"Alameda Ema Valente, 66",974675210,Universidade do Minho
490,Ivo Branco,"Av Vaz, 51",954627970,Instituto Politécnico de Beja (IPBeja)
491,Melissa Pacheco,"Travessa Macedo, 69",798517735,Universidade do Minho
492,Rita Marques,"Avenida Tomé Vieira, S/N",704721490,Universidade do Minho
493,Teresa Cunha,"Praça de Vaz, 93",901024775,Universidade do Porto (UP)
494,Carminho Matos,"Av Eva Carneiro, 985",788399756,Universidade Aberta (UAb)
495,Afonso de Gonçalves,"Rua Anita Henriques, 637",855760141,Universidade do Minho
496,André Moreira,"Avenida do Adro, 16",803976526,Universidade do Minho
497,Lara Pinto,"Largo de Valente, 41",454912501,Universidade do Minho
498,Gabriela Castro-Araújo,"Alameda de Costa, 51",111469830,Universidade do Minho
499,Miriam Branco,"Av Larissa Antunes, 9",798897988,Universidade Fernando Pessoa (UFP)
500,Paulo do Morais,"Alameda Guerreiro, S/N",821075497,Instituto Politécnico de Coimbra (IPC)
501,Tiago do Soares,"Travessa de Mota, 70",863925260,Universidade do Minho
502,Edgar Pinho,"Rua Isabela Correia, 6",706369262,Instituto Politécnico de Coimbra (IPC)
503,Sérgio Neves,"Avenida Sá, 61",745113133,Universidade do Minho
504,Guilherme Henriques,"Alameda Helena Lima, 764",188101357,Instituto Politécnico de Santarém (IPSantarem)
505,Tiago Gomes,"Rua Fernandes, S/N",121633217,Universidade do Minho
506,Vasco Marques,"Av Amaral, 109",525277790,Universidade de Aveiro (UA)
507,Gustavo Fonseca,"R. Rita Esteves, 2",579914500,Instituto Politécnico da Guarda (IPG)
508,Vicente Ribeiro,"Avenida Manuel Lima, 7",887756816,Universidade do Minho
509,Luísa Nascimento,"Praça de Antunes, 39",949521515,Universidade do Porto (UP)
510,Madalena Fernandes,"Av Marques, S/N",354330934,Universidade da Beira Interior (UBI)
511,Tomás Moura,"Avenida de Jesus, S/N",901743763,Universidade do Minho
512,Kelly Neto,"R. do Meiral, 36",561178240,Universidade do Minho
513,Vicente Oliveira,"R. Pedro Castro, 111",683716069,Universidade do Minho
514,Guilherme Antunes,,647785838,Universidade do Minho
515,Yara Pinho-Lima,"Av Teixeira, 21",819120715,Universidade do Minho
516,Andreia Faria,,731647750,Universidade do Minho
517,Anita Vaz,"Av do Cantábrico, 72",668338024,Universidade dos Açores (UAc)
518,Lourenço Batista,"Rua Freitas, S/N",840179014,Universidade do Minho
519,Noa Sá,"R. de Cunha, 27",267084900,Universidade do Minho
520,Teresa Morais,"Av de Maia, 21",870708120,Universidade do Minho
521,Rafael Costa,"Praça Castro, 60",746498675,Instituto Politécnico de Castelo Branco (IPCB)
522,Lorena Borges,,954999665,Universidade do Minho
523,David Coelho,"Alameda de Pio XII, 742",841880255,Universidade do Minho
524,Dinis Torres,"Rua Araújo, 95",235606499,Universidade do Minho
525,Guilherme Lopes,"Alameda dos Capitães de Abril, 2",416028373,Universidade do Minho
526,Henrique Maia,"Av Inês Cardoso, 702",644933216,Universidade do Minho
527,Victória-Amélia Araújo,"Avenida Isaac Pacheco, S/N",300615221,Instituto Politécnico de Lisboa (IPL)
528,Petra Branco,"Rua Valentim Santos, 7",221550593,Universidade do Minho
529,César Ramos,"Alameda de Sobre-o-Douro, 93",744335531,Universidade do Minho
530,Eduarda Fonseca,"R. de Andrade, 15",253326915,Universidade do Minho
531,Teresa Coelho,"R. Beatriz Jesus, 1",270186859,Universidade do Minho
532,Eduardo de Leite,"Rua de Vaz, 2",242704280,Universidade do Minho
533,Márcio Gaspar,"Av de Coelho, 171",333529790,Universidade Aberta (UAb)
534,Lia Vieira-Pacheco,"Rua do Alto do Varejão, 68",892270357,Universidade Católica Portuguesa (UCP)
535,Ivo Fonseca-Valente,"Rua Isabel Abreu, 85",660307022,Universidade do Minho
536,Madalena Sousa,"Travessa de Monteiro, 44",114950270,Universidade do Minho
537,Débora Mota,"R. das Fontainhas, 83",596938772,Universidade do Minho
538,Francisco Matias-Matos,"Avenida Paris (Nascente), 485",730777057,Instituto Politécnico do Porto (IPP)
539,Ivan de Morais,"Avenida do Trancão, 55",795958358,Universidade do Minho
540,Adriana Faria,"Alameda Mariana Neto, 181",626023645,Universidade do Minho
541,Gustavo Cunha,"R. de Vieira, 205",512614806,Universidade de Trás-os-Montes e Alto Douro (UTAD)
542,Vera Fonseca,"Travessa Nascimento, 36",191452718,Universidade do Minho
543,Mélanie Fernandes,"Avenida das Portas do Mar, 8",539066966,Universidade Católica Portuguesa (UCP)
544,Valentina Campos,"Praça do Freixo, S/N",571127924,Instituto Politécnico de Macau (IPM)
545,Sérgio Pinheiro,"Rua Nascimento, 17",396673759,Universidade Lusófona de Humanidades e Tecnologias (ULHT)
546,Lorena-Lúcia Castro,"Rua de Machado, 12",204742986,Universidade do Minho
547,Érica Gomes,"Travessa de Jesus, S/N",108735818,Universidade do Minho
548,Iara Anjos,"Rua de Nunes, 99",155369091,Universidade do Minho
549,Cláudio Gonçalves,"Largo Raquel Moreira, 7",174570708,Universidade do Minho
550,Rafaela Sousa,"Av Edgar Cardoso, 87",228433916,Universidade do Minho
551,Teresa Batista,"Travessa de Macedo, 65",639993478,Universidade Autónoma de Lisboa (UAL)
552,Erica Neves,"Largo de Moura, 901",640014909,Universidade do Minho
553,Érica do Leal,"Alameda Mota, S/N",579126269,Universidade do Minho
554,Patrícia Melo,"Alameda Gerais, 91",938775839,Universidade Europeia (UE)
555,Gaspar Castro,"Avenida Paiva, 80",585356890,Instituto Politécnico de Cávado e do Ave (IPCA)
556,Leandro Miranda,"Av Luca Miranda, 43",383003008,Universidade do Minho
557,Beatriz Figueiredo,,774364190,Universidade do Minho
558,Brian Macedo,,395204500,Universidade do Minho
559,Bianca Santos,"Alameda de Gaspar, 71",369777344,Universidade do Minho
560,Kyara Fernandes,"Avenida dos Mártires da Pátria, 108",454345496,Instituto Politécnico de Braga (IPBraga)
561,Sebastião Faria,"Travessa Artur Cupertino de Miranda, 8",353562904,Universidade de Évora (UE)
562,Benedita Jesus,"Largo dos Flamingos, 43",513271988,Universidade do Minho
563,Diana Vaz-Martins,"Travessa do Prof. Ruy Luís Gomes, 25",291957277,Universidade do Minho
564,Rita Cunha,"Av Alícia Miranda, 981",213329298,Instituto Politécnico de Lisboa (IPL)
565,Miriam Cardoso,"Alameda Renato Figueiredo, 15",306477823,Universidade do Minho
566,Yasmin Nogueira,"Travessa Noah Valente, 81",257485821,Universidade do Minho
567,Filipa Barbosa,"Av Lorena Lourenço, 71",307520013,Instituto Politécnico de Leiria (IPLeiria)
568,Isaac Amaral,,542356350,Universidade do Minho
569,Eduardo Vieira,,761453059,Instituto Politécnico de Portalegre (IPP)
570,Miriam-Inês Lourenço,"Praça de Cintura Interna, 8",137437501,Universidade do Minho
571,Afonso Carneiro,"Avenida Gaspar, 550",311859402,Universidade do Minho
572,José Esteves,"Travessa André Almeida, 82",809106655,Instituto Politécnico de Beja (IPBeja)
573,Cristiano Matias,,899577121,Universidade do Minho
574,Álvaro Cruz,,551921315,Universidade do Minho
575,Nair Paiva,"Largo do Beato, 305",491190565,Universidade do Minho
576,Ariana Figueiredo,"Travessa das Rolas, 26",389942235,Instituto Politécnico de Setúbal (IPS)
577,Salvador Abreu,"Alameda Sara Maia, 36",943510651,Universidade Lusófona de Humanidades e Tecnologias (ULHT)
578,Sofia Leal,"Avenida Renato Domingues, 6",699427738,Universidade do Minho
579,Salomé Vicente,"Avenida Gabriel Vicente, 77",347263208,Universidade Europeia (UE)
580,Bryan Lourenço,"Rua Marco Almeida, S/N",124336884,Universidade do Minho
581,Lúcia Reis,"Praça Ducla Soares, 85",323549446,Universidade do Minho
582,Luna Vaz,"Travessa do Marechal Gomes da Costa, 235",867732075,Universidade do Minho
583,Salomé Alves,"R. de Caselas, 16",372011616,Universidade do Minho
584,Henrique Ribeiro,,725514841,Instituto Politécnico de Bragança (IPB)
585,Bruna Mota,"Avenida Fabiana Melo, S/N",113112700,Universidade do Minho
586,Francisco Coelho,,504877950,Universidade do Minho
587,Tomé da Moura,"Av Cardeal Cerejeira, S/N",424279118,Universidade do Minho
588,Micael Vicente-Rocha,"Travessa Fernando Pessa, 89",120962454,Universidade do Minho
589,Gaspar Ramos-Costa,"R. Barros, 22",269120084,Instituto Politécnico de Macau (IPM)
590,Rodrigo Soares,"Largo Cuf, 759",135446902,Universidade do Minho
591,Luísa Sá,"Alameda Miranda, S/N",303885815,Universidade do Minho
592,Diogo Nogueira,"Alameda Pinho, 6",372889387,Universidade do Minho
593,Igor Cunha,"Praça Fernandes, 83",630383715,Universidade do Minho
594,Fábio Teixeira-Andrade,"Travessa de Amaral, 13",901903957,Universidade do Minho
595,João Henriques,"Praça Brian Jesus, 5",852365683,Universidade do Minho
596,Cristiano Lourenço,"Largo de Almeida, 32",175035962,Universidade do Minho
597,Jéssica Cruz,"Alameda Luís Castro, S/N",900105992,Universidade do Minho
598,Bianca Teixeira,"Alameda de Vicente, 874",938694030,Universidade do Minho
599,Kelly Barros,,815062729,Universidade do Minho
600,Isabel Garcia,"Largo da Expo 98, 30",444686355,Universidade da Madeira (UMa)
601,Ângela do Figueiredo,"R. Kelly Ribeiro, 11",802537308,Universidade Portucalense Infante D. Henrique (UPT)
602,Ana-Mia Lima,"Alameda Rafael Vieira, S/N",714578665,Universidade do Minho
603,Bruno Santos,"R. do Anjo, 14",400557894,Instituto Politécnico de Macau (IPM)
604,Eduardo Santos-Pacheco,"Rua Madalena Pinho, 2",651477310,Universidade do Minho
605,Miriam Lima,"Travessa de Camilo, 34",743083563,Instituto Politécnico de Portalegre (IPP)
606,Wilson Teixeira,"Avenida Neves, 93",263651932,Universidade do Minho
607,William Gaspar-Maia,"Largo de Branco, S/N",201324903,Universidade do Minho
608,Beatriz Batista,,348009887,Universidade do Minho
609,Marta Esteves,,889474168,Universidade do Minho
610,Júlia Lima,"Av Arquitecto Carlos Ramos, 46",262390000,Universidade do Minho
611,Brian Amorim,"Largo de Melo, 20",770648100,Universidade do Minho
612,Micael Campos,"Largo Sá, 83",777948109,Universidade do Minho
613,Diana-Mélanie Nogueira,"Travessa Manuel Pinto de Azevedo Júnior, 6",249709481,Universidade do Minho
614,Fabiana Figueiredo,"Alameda Teresa Sá, 694",754339599,Universidade Lusíada (ULusíada)
615,Alícia-Isabela Cruz,"Praça Carneiro, 2",947469770,Universidade do Minho
616,José Cunha,"Rua de Pereira, 6",912503190,Universidade do Minho
617,Flor Nascimento,"Praça da Rainha, 8",159089239,Universidade do Minho
618,Patrícia Brito,"Rua Fabiana Mendes, 88",162848021,Universidade do Minho
619,Valentina Costa,"Avenida Coronel Vítor Alves, 83",256120838,Universidade do Minho
620,César Monteiro,"Avenida Pereira, 6",769504647,Universidade do Minho
621,Victória Melo,,344574059,Universidade de Coimbra (UC)
622,Micael Macedo,"Rua das Congostas, 53",262870797,Instituto Politécnico de Leiria (IPLeiria)
623,Carolina Teixeira-Castro,,853550425,Universidade Católica Portuguesa (UCP)
624,Bruno Alves,"Alameda Rocha, 6",125805217,Universidade do Minho
625,Joaquim Araújo,"Alameda Constança Cunha, 78",832859702,Instituto Politécnico de Coimbra (IPC)
626,Gaspar Paiva,"R. Anjos, 52",336736118,Universidade do Minho
627,Andreia Teixeira,"Rua de Esteves, 67",139611266,Universidade do Minho
628,Hugo Barros-Teixeira,,639474365,Universidade Nova de Lisboa (UNL)
629,Nádia Fonseca-Rocha,"Avenida Ferreira, 98",272056367,Universidade do Minho
630,Erika Cardoso,"Alameda Gaspar, S/N",935415491,Universidade do Minho
631,Lisandro Mota,,493900942,Universidade do Minho
632,Nelson Fernandes,,748647511,Universidade do Minho
633,Valentina Guerreiro,"Travessa Benedita Barbosa, 17",879868210,Instituto Politécnico de Santarém (IPSantarem)
634,William Costa,"Travessa de Carneiro, 1",442384920,Universidade Lusófona do Porto (ULP)
635,Daniela Correia,"Av Érica Moreira, 978",246706880,Universidade do Minho
636,William Campos,"Largo de Rocha, 75",954484045,Universidade do Minho
637,Tatiana do Campos,"Praça Mariana Marques, 74",973495790,Universidade do Minho
638,Helena Costa,"Praça Castro, 2",944427715,Instituto Politécnico de Cávado e do Ave (IPCA)
639,Guilherme de Carneiro,"Largo Moura, 65",677357729,Universidade da Madeira (UMa)
640,Rodrigo Gonçalves,"Largo Torres, 20",334688779,Universidade do Minho
641,Beatriz Pinheiro,"Rua Ribeiro, 3",633290734,Universidade do Minho
642,Soraia-Luciana Faria,"Rua do Monte, S/N",603025676,Universidade do Minho
643,Rafael Reis,"Avenida Teixeira, S/N",518319636,Universidade do Minho
644,Bruna-Emília Faria,"R. do Beato, 74",718378385,Universidade do Minho
645,Vitória da Leite,"Av Valentina Cardoso, 17",547695721,Universidade de Trás-os-Montes e Alto Douro (UTAD)
646,Ismael Castro,"R. de Neves, 16",866953876,Universidade do Minho
647,Sandro Esteves,"Alameda de Garcia, 76",468387382,Universidade do Minho
648,Nicole-Jéssica Rodrigues,"Largo Castro, 818",733735525,Universidade do Minho
649,César Garcia-Figueiredo,"Praça Luca Barros, 41",812347358,Universidade do Minho
650,Camila da Barros,,953026299,Instituto Politécnico de Macau (IPM)
651,Camila Castro,,943853265,Universidade do Minho
652,Kévim Ferreira,,103192999,Universidade de Lisboa (ULisboa)
653,Noa Fonseca-Almeida,"Av do Codeçal, 83",150572107,Universidade do Minho
654,Caetana Gaspar,"Avenida do Sobreirinho, 243",226430057,Universidade do Minho
655,Sara Azevedo,"Travessa de Faria, 4",320057860,Universidade do Minho
656,Afonso Matos,"Largo Ferreira, 55",499301757,Universidade do Minho
657,Clara Correia-Moura,"Av de Vaz, 8",892034670,Universidade Aberta (UAb)
658,Joana do Lima,"Praça do Arboreto, 62",533674190,Instituto Politécnico da Guarda (IPG)
659,Rafaela Vicente,"Avenida Flor da Rosa, 33",709570112,Universidade do Minho
660,Miriam-Matilde Amaral,"Alameda de Guerreiro, 67",831647094,Universidade do Minho
661,Emma Moura,"Alameda Cristiano Pinto, S/N",360171044,Universidade do Minho
662,Yasmin-Camila Pinto,"Av Torres, 37",658492217,Universidade do Minho
663,Kelly Almeida,"Rua Gaspar, 241",744063418,Universidade do Minho
664,David Esteves-Alves,"R. do Borratém, 970",192781537,Instituto Politécnico de Santarém (IPSantarem)
665,Vítor Simões,"R. Coronel Marques Júnior, S/N",333134613,Universidade Aberta (UAb)
666,Carolina Leal,"Avenida Constança Correia, 38",443076871,Universidade do Minho
667,Tatiana-Débora Loureiro,"Praça Márcio Alves, 7",735595747,Universidade do Minho
668,Sandro do Branco,"Alameda da Música, 17",353659967,Universidade do Minho
669,Eduardo Rodrigues,"Rua de Baptista, 29",119139570,Instituto Politécnico de Santarém (IPSantarem)
670,Tiago Cardoso,,328723622,Instituto Politécnico de Tomar (IPT)
671,Sérgio Gomes,"Largo Eduarda Teixeira, 1",807331198,Instituto Politécnico de Beja (IPBeja)
672,Noa Garcia,"Rua Gonçalo Guerreiro, 538",566758369,Instituto Politécnico de Coimbra (IPC)
673,Victória-Flor Macedo,"Largo de Pires, 57",700153870,Universidade do Minho
674,Francisca de Fonseca,"Avenida Pereira, 21",173260004,Universidade Autónoma de Lisboa (UAL)
675,Eduardo Tavares,"Alameda de Santos, 18",688824382,Universidade do Minho
676,Miguel da Fernandes,"Av Reis, 11",400375281,Universidade de Coimbra (UC)
677,Alexandre de Amaral,"Rua de Pires, 34",330599992,Instituto Politécnico de Santarém (IPSantarem)
678,Valentim Oliveira,,978688139,Universidade do Minho
679,Vicente Pereira,"Alameda Carneiro, 9",852256396,Universidade do Minho
680,Iara Brito,"Travessa Tomé Leite, 7",843367571,Universidade do Minho
681,Emanuel da Vicente,"Alameda Leonor Alves, 25",872506070,Universidade do Minho
682,Benjamim de Barros,"Rua Filipe Gonçalves, 1",959666044,Universidade do Minho
683,Lúcia Pereira,"Avenida Guerreiro, S/N",436994097,Universidade do Minho
684,Isabela-Vera Neto,"Avenida de Camilo, 2",615527612,Universidade do Minho
685,Érica Monteiro,"Largo de Moradias Populares do Eng.º Machado Vaz, S/N",547946201,Universidade do Minho
686,Hugo Vicente,"Avenida de Matos, 987",750506407,Universidade do Minho
687,Nair Leal,"Praça do Dr. Manuel Laranjeira, 68",262177587,Universidade do Minho
688,Noa Batista,"Praça das Cegonhas, S/N",448796511,Universidade do Minho
689,Petra Valente,"Largo Emília Pacheco, S/N",903281317,Universidade do Minho
690,Cláudio Vicente,"Rua de Maia, 41",688185967,Universidade Lusófona de Humanidades e Tecnologias (ULHT)
691,Bryan Gomes,"R. de Leite, 7",321485866,Universidade do Minho
692,Juliana-Eduarda Torres,"R. de Ferreira, 9",312299249,Universidade do Minho
693,Paulo Barbosa,"Travessa Baptista, 93",464256321,Universidade do Minho
694,Júlia Borges,"Alameda de Nascimento, 715",945491816,Universidade do Minho
695,Fabiana Mota,"Rua de João Chagas, 16",426059557,Universidade do Minho
696,Daniela Domingues,"Travessa Professor José Conde, 23",595838286,Instituto Politécnico de Leiria (IPLeiria)
697,Adriana Campos,"Praça Lourenço, 85",422139130,Universidade do Minho
698,Leonor Sá,"Praça do Rosário, 42",202964116,Universidade Nova de Lisboa (UNL)
699,Ivan Matos-Andrade,"R. de Cardoso, 4",874229073,Universidade do Minho
700,Álvaro Amorim,"Av Gustavo Figueiredo, 2",331982927,Universidade do Minho
701,Álvaro Brito,,519932889,Universidade do Minho
702,Lucas Mota,"R. Alves, S/N",662813766,Universidade do Minho
703,Catarina Cruz,"Av de Silva, S/N",515731552,Universidade do Minho
704,Ismael Jesus,,182234894,Universidade do Minho
705,Patrícia Maia-Azevedo,"Alameda do Cidral de Baixo, 98",435525174,Universidade do Minho
706,Vera Borges,"Alameda das Garças, 7",607361735,Universidade de Évora (UE)
707,Gaspar Vaz,,923558420,Universidade Nova de Lisboa (UNL)
708,Igor Freitas,"R. de Lopes, S/N",397904673,Universidade do Minho
709,Cláudio Ferreira-Correia,"Largo Garcia, 31",644826665,Universidade do Minho
710,Lourenço Pinheiro,"Av de Barros, 14",977268780,Universidade do Minho
711,Rui Pereira,"Travessa de Alves, S/N",129672963,Universidade do Minho
712,Lia de Vicente,"Travessa de Branco, 3",743408632,Instituto Politécnico de Cávado e do Ave (IPCA)
713,Emanuel Matias,"Avenida de Loureiro, 2",913876771,Universidade do Minho
714,Sara Jesus,"Av Alice Vaz, 65",863908683,Universidade do Minho
715,Iara Assunção,"Rua Brito, 79",809294869,Instituto Politécnico de Portalegre (IPP)
716,Núria Magalhães,"Alameda de Monteiro, 98",573889015,Universidade do Minho
717,Eva Azevedo,"Largo Adriana Mota, 7",489628842,Universidade do Minho
718,Diego Martins-Oliveira,"Travessa Erica Gaspar, 99",214360989,Universidade do Minho
719,Joel Sousa-Araújo,"Praça Barbosa, S/N",826509614,Universidade do Minho
720,Erika de Neves,"R. de Gomes, S/N",280206852,Universidade do Porto (UP)
721,Xavier Andrade,"Av do Paço, 1",209045213,Universidade do Minho
722,Margarida Mendes,"Praça Antunes, 9",726905810,Universidade do Minho
723,Ângela de Costa,"Alameda de Maia, 4",507823907,Instituto Politécnico de Braga (IPBraga)
724,Bárbara Nogueira,"Alameda de D. João II, S/N",809039249,Universidade do Minho
725,Eduarda Valente-Branco,"Praça Ricardo Moreira, 98",918324971,Universidade do Minho
726,Luís Barros,"Praça Sérgio Domingues, 60",736565442,Universidade do Minho
727,Rita Sousa,"Rua Lourenço Fonseca, 18",214649105,Universidade do Minho
728,Larissa da Simões,"R. de Gustavo Eiffel, 67",454014198,Universidade do Minho
729,Melissa Nogueira,"Travessa Márcio Gaspar, 47",555569357,Universidade do Minho
730,Valentim Barbosa-Macedo,"Travessa Tavares, 417",453981259,Universidade do Minho
731,Nicole Freitas,"Rua Guilherme Abreu, 43",186977433,Universidade do Minho
732,Ariana-Isabela Abreu,"Travessa Duarte Paiva, 4",503102270,Instituto Politécnico de Portalegre (IPP)
733,Vasco Coelho,"Praça Miriam Freitas, 267",985551925,Universidade do Minho
734,Marcos Figueiredo,"R. Vicente Carneiro, 71",837701627,Universidade de Trás-os-Montes e Alto Douro (UTAD)
735,Erika-Violeta Lopes,"Travessa das Pedras, S/N",878207244,Universidade do Minho
736,Rui Gomes,"R. de Lourenço, S/N",500725934,Universidade do Minho
737,Marta Faria,,818198907,Universidade do Minho
738,Sebastião Freitas,"Avenida de Paiva, 95",208179232,Universidade do Minho
739,Nádia-Bianca Cunha,"R. Xavier Baptista, 52",943108896,Universidade do Minho
740,Daniela Guerreiro,"Rua Marcos Guerreiro, 37",961442468,Instituto Politécnico do Porto (IPP)
741,Duarte Brito,,422417157,Universidade Portucalense Infante D. Henrique (UPT)
742,Tiago Maia-Cardoso,"Avenida de Borges, 61",641715897,Universidade do Minho
743,Leonor-Isabel Castro,"R. Lisandro Azevedo, 738",893496758,Universidade do Minho
744,Wilson Nunes,"Alameda Ismael Paiva, 13",606984593,Universidade do Minho
745,Naiara Borges,,494683015,Universidade Portucalense Infante D. Henrique (UPT)
746,Jorge Vaz,"Av Jesus, 328",144765772,Instituto Politécnico de Setúbal (IPS)
747,Raquel Leite,"Travessa Mendes, 41",894328026,Universidade do Minho
748,Wilson Jesus-Monteiro,"Travessa de Gaspar, 61",506322769,Universidade do Minho
749,Naiara da Castro,"Praça da Rainha, 9",658935038,Universidade do Minho
750,Rafael Vieira,"Rua Professor Gonçalves Ferreira, 22",467979405,Universidade do Minho
751,Anita do Amorim,"Largo Alice Cruz, S/N",569633028,Universidade do Minho
752,Carolina Azevedo-Nunes,"Rua Isabel Pinto, S/N",709494459,Universidade do Minho
753,Manuel Batista,"Av Ema Batista, 834",271896744,Universidade do Minho
754,Rita Coelho,"Largo Pereira, 576",691153353,Universidade do Minho
755,Flor Vicente,"R. Matilde Lopes, 4",201501490,Universidade do Minho
756,Fabiana Vicente,"Rua Domingues, 83",102359547,Universidade do Minho
757,Matilde Vieira-Figueiredo,"Largo de Maia, 58",804111782,Universidade do Minho
758,Gustavo de Morais,"Praça Moura, 1",493301828,Universidade do Minho
759,Luca Miranda-Silva,"Av Reis, 15",504559516,Universidade do Minho
760,Raquel Lopes,"Alameda Borges, 1",619582146,Universidade de Trás-os-Montes e Alto Douro (UTAD)
761,Juliana Maia,"Praça do Dr. Manuel Laranjeira, 62",297870688,Universidade do Minho
762,Erika Cardoso,"Av Bianca Baptista, 24",925314765,Universidade do Minho
763,Santiago Jesus,"Praça Ricardo Gonçalves, 97",172440823,Universidade Europeia (UE)
764,Ricardo da Oliveira,"R. General Afonso Botelho, 2",980532540,Instituto Politécnico de Beja (IPBeja)
765,Samuel Assunção,"Travessa do Cidral de Baixo, S/N",805932720,Universidade Autónoma de Lisboa (UAL)
766,Isabel Ribeiro,"Alameda do Campo da Bola, 22",293259291,Universidade do Minho
767,Brian Amorim,"Largo Gaspar, 12",613393112,Universidade do Minho
768,Jéssica-Iara Moreira,"Travessa Vaz, 7",596838255,Universidade do Minho
769,Benjamim Valente,"Praça Nogueira, S/N",293807612,Universidade do Minho
770,Bárbara Ferreira,"Avenida Henrique Maia, 48",485620421,Universidade do Minho
771,Luana Fonseca,"Largo do Cantábrico, 7",246780444,Universidade do Minho
772,Constança Paiva,"Rua Branco, S/N",266105874,Universidade do Minho
773,Kévim Santos,"Av Pinho, S/N",719430461,Universidade do Minho
774,Caetana da Nascimento,"Praça do Tejo, S/N",169190129,Instituto Politécnico de Tomar (IPT)
775,Luca Sá,,352289031,Universidade do Minho
776,Salvador Nascimento,,167407112,Universidade do Minho
777,Isabela-Núria Domingues,"Praça do Conde de Óbidos, S/N",141292512,Universidade do Minho
778,Miguel Rodrigues,"Avenida Nogueira, 35",801593549,Universidade do Minho
779,Isabel Sá,,839120214,Universidade Aberta (UAb)
780,Rita Esteves,"Rua Teófilo Ferreira, 83",767109236,Universidade do Minho
781,Lorena Costa-Maia,"Av de Monchique, 87",338454543,Universidade do Minho
782,Sandro Vieira,"Av de Valente, 46",155761463,Universidade do Minho
783,Mia Valente,"R. Pacheco, 59",218446497,Universidade do Minho
784,Cláudio Batista,"Praça Nascimento, S/N",819033421,Universidade do Minho
785,Luísa Amaral,"Travessa do Castelo do Queijo, 45",500405220,Universidade do Minho
786,Ângela de Loureiro,"Avenida Mário Paiva, S/N",640525628,Universidade do Minho
787,Marcos do Sá,"Alameda de Costa, 23",726067610,Universidade do Minho
788,Mia Tavares,"R. Reis, 373",114552401,Instituto Politécnico de Santarém (IPSantarem)
789,Micael Magalhães-Pinto,"Avenida Macedo, 630",313886172,Universidade do Minho
790,Fernando Faria,"Praça Costa, 51",268705747,Universidade Portucalense Infante D. Henrique (UPT)
791,Joaquim Nogueira,"Rua das Torres do Restelo, 767",615365396,Universidade do Minho
792,Íris Araújo,"Praça de Barros, 14",877043639,Universidade do Minho
793,David Lopes-Matos,"Av Simões, 835",542795817,Universidade do Minho
794,Eduarda Ramos,"R. Pinheiro, 24",724504680,Instituto Politécnico de Macau (IPM)
795,Constança Soares-Antunes,"Largo Álvaro Coelho, 90",207943389,Universidade do Minho
796,Lara Mota,,286025035,Universidade do Minho
797,Ema Lima,"Praça Noa Mota, 423",625657616,Instituto Politécnico de Leiria (IPLeiria)
798,Flor-Ângela Abreu,"Rua de Fonseca, 93",712769900,Universidade de Lisboa (ULisboa)
799,Ana do Alves,"Travessa Isabela Batista, 860",101221380,Instituto Politécnico de Beja (IPBeja)
800,Micael Amorim,"Av do Molhe, S/N",686044932,Universidade Fernando Pessoa (UFP)
801,Cristiano de Leite,"Travessa Areeiro, 33",522586031,Universidade do Minho
802,César Carvalho,"Rua Associação Empresarial de Portugal, 117",636837815,Universidade do Minho
803,Isabel Marques,"R. Sofia Amaral, 70",530695480,Universidade do Minho
804,Inês Simões-Mota,"Praça Beatriz Neto, 753",471890340,Universidade do Minho
805,Patrícia da Batista,"Praça Ricardo Loureiro, 14",723622221,Universidade do Minho
806,Gustavo Sousa,"Travessa Mota, 3",499464940,Universidade do Minho
807,Leonor Martins,"Av de Maia, 4",224305158,Universidade Lusófona do Porto (ULP)
808,Amélia Valente,,876778740,Universidade do Minho
809,Ana do Reis,"Praça César Costa, 8",665492529,Universidade do Minho
810,Mia-Lara Cruz,"Alameda Rocha, 32",992639441,Universidade do Minho
811,Alícia Fonseca,"Rua do Colégio, 98",674427408,Universidade do Minho
812,Ariana-Vitória Melo,"Av Margarida Carvalho, 176",699640377,Universidade do Minho
813,Sofia Simões,,329609912,Universidade do Minho
814,Fabiana da Alves,"Praça Azevedo, 3",185537910,Universidade do Minho
815,Noa do Oliveira,,768338409,Universidade do Minho
816,Soraia Gaspar-Figueiredo,"Travessa Frederico Lourenço, 28",973825871,Universidade Fernando Pessoa (UFP)
817,Yasmin Melo,"Alameda Alves, 310",471950807,Universidade dos Açores (UAc)
818,César Nogueira,"Praça de Castro, S/N",899245285,Universidade Católica Portuguesa (UCP)
819,André Soares,"Largo Figueiredo, 5",333645421,Universidade Portucalense Infante D. Henrique (UPT)
820,Yasmin Vaz,"Largo Pilar Gonçalves, 57",978548752,Universidade do Minho
821,Matilde Reis,"Alameda de Cunha, 39",344163881,Universidade da Beira Interior (UBI)
822,Mário do Pinho,"Av Borges, S/N",343893673,Universidade de Aveiro (UA)
823,André da Santos,"R. Rafael Gonçalves, 5",975743562,Universidade de Lisboa (ULisboa)
824,Naiara Barros,"Travessa de Maia, 33",950057630,Instituto Politécnico de Viana do Castelo (IPVC)
825,Joaquim Domingues,"Av das Fontainhas, 662",906504597,Universidade Católica Portuguesa (UCP)
826,Marco Vaz,,819843644,Universidade do Minho
827,Luís Marques,"Av Lopes, 55",589605810,Universidade Católica Portuguesa (UCP)
828,Noa Moura,"Travessa de Cunha, 5",686457099,Universidade do Minho
829,Fábio Neto,"Av João Andrade, 88",384240151,Universidade do Minho
830,Igor Alves,"Travessa Daniela Castro, S/N",540237370,Universidade do Minho
831,Tiago Pacheco,"Praça Ribeirinhos, 14",338124497,Universidade do Minho
832,Soraia Andrade,"Praça Denis Andrade, 7",162426232,Universidade do Minho
833,Luna Silva,"Rua Lopes, 698",337597502,Universidade da Madeira (UMa)
834,Victória Fernandes,"Travessa das Andorinhas, 45",841102430,Universidade do Minho
835,Ariana Henriques,,194728730,Universidade do Minho
836,Vera Matias-Silva,,229557813,Universidade do Minho
837,Matias da Jesus,"Av de Gonçalves, 90",648675548,Universidade do Minho
838,Eva Alves,"Avenida Isaac Monteiro, 55",327392789,Universidade do Minho
839,Diogo Rodrigues,"Travessa Marques, 55",855650796,Universidade do Minho
840,Teresa da Macedo,"Praça Guerreiro, 21",550600698,Universidade do Minho
841,Carolina Vaz,"Largo Núria Amorim, 61",399008888,Universidade do Minho
842,Margarida Teixeira-Sá,"Avenida Mota, 459",975066536,Universidade da Madeira (UMa)
843,Joaquim Pinto,"Travessa Patrícia Azevedo, 48",514058552,Universidade do Minho
844,Letícia-Andreia Pinheiro,"Rua de Leite, 65",270337261,Universidade Europeia (UE)
845,Luna Santos-Valente,"Avenida da Pasteleira, 27",871812100,Instituto Politécnico de Tomar (IPT)
846,Erica Moura,"Largo Pulido Garcia, 59",784938156,Universidade do Minho
847,Luana Fernandes,"Praça de D. Carlos I, S/N",133982041,Universidade de Aveiro (UA)
848,Wilson Pires,"Travessa Matias, 23",581860519,Universidade Lusíada (ULusíada)
849,Gustavo Campos,"Largo Marques, 3",299891810,Universidade do Minho
850,Laura Castro,"Avenida de Henriques, 18",384567940,Universidade do Minho
851,Jéssica Cardoso,"Avenida de Soares, 51",277114535,Universidade do Minho
852,Maria Silva,"R. Constança Pinheiro, S/N",783153155,Universidade do Minho
853,Guilherme Vieira-Azevedo,"Rua Maria de Lourdes Sá Teixeira, 87",443798630,Universidade do Porto (UP)
854,Filipe Lima,"R. Santos, 85",939401649,Universidade do Minho
855,Fabiana-Luciana Branco,,273002350,Universidade do Minho
856,Melissa Melo,"Rua Noa Loureiro, 40",579599205,Universidade do Minho
857,Cláudio Macedo,"Travessa Mendes, 55",860886107,Universidade do Minho
858,Lucas Cruz,"Avenida Laura Cruz, 408",912407573,Universidade do Minho
859,Enzo Pinheiro-Leite,"Largo Marta Freitas, 20",382958667,Universidade do Minho
860,Margarida Lima,"Largo do Barredo, 20",184160758,Instituto Politécnico de Lisboa (IPL)
861,Sandro Pereira,"Avenida Vieira, S/N",559135530,Instituto Politécnico de Coimbra (IPC)
862,Carolina do Gomes,"Praça dos Armazéns, 2",989854078,Universidade do Minho
863,Brian Simões-Ribeiro,"Av David Pereira, 49",590874462,Universidade do Minho
864,Alice-Rafaela Lopes,"Avenida do Bessa, 49",372331904,Universidade do Minho
865,Bryan do Maia,"Travessa Frederico Oliveira, 54",968009883,Instituto Politécnico de Braga (IPBraga)
866,Duarte Amaral,"Largo do Viso, 2",117420883,Universidade do Minho
867,Francisco Correia,"R. Carvalho, 37",603096131,Universidade Aberta (UAb)
868,Fernando Magalhães,"Travessa de Lima, 24",203505581,Universidade do Minho
869,Débora Monteiro,"Av Artur Cupertino de Miranda, 92",522155499,Universidade do Minho
870,Maria Carvalho,"R. de Esteves, 928",681613254,Universidade do Minho
871,Marcos Cruz-Coelho,,638715938,Instituto Politécnico do Porto (IPP)
872,Frederico Matos,"Rua de Teófilo Braga, 21",757296378,Universidade do Minho
873,Margarida do Pinto,"Av de Figueiredo, 60",506987892,Universidade do Minho
874,Mauro de Vaz,"Alameda dos Navegadores, S/N",246135352,Universidade Autónoma de Lisboa (UAL)
875,Juliana Sousa,"Alameda Marta Vicente, 624",111032954,Universidade do Minho
876,Melissa Fonseca,"Praça da Encarnação, S/N",450758877,Universidade do Minho
877,Rúben Borges,"Rua de Coelho, 818",496774662,Universidade do Minho
878,Mariana Magalhães,"Avenida Cruz, 9",804697361,Universidade do Minho
879,Wilson Nunes,"Travessa Professor José Conde, 17",327344490,Universidade do Minho
880,Mateus Pinho,"Rua de Pinto, S/N",360392075,Universidade do Minho
881,Fabiana Gonçalves-Rodrigues,"R. de Gonçalves, 68",612259994,Universidade do Minho
882,Clara Vicente,"Rua das Congostas, 6",959323589,Universidade do Minho
883,Marta Matos,"Praça da Conceição, 4",586209930,Universidade de Évora (UE)
884,Luna Neto,"R. Érica Castro, 6",246995254,Universidade do Minho
885,Carlos da Miranda,"Alameda Carvalho, 6",803698003,Universidade do Minho
886,Nuno Nunes,"Alameda Machado, 785",693609796,Instituto Politécnico de Santarém (IPSantarem)
887,Salvador do Nascimento,"Travessa do Colégio, 634",599899557,Universidade do Minho
888,Leandro Sá,"Praça Pinto, 880",229641156,Universidade do Minho
889,Salvador Cunha,"Travessa Benjamim Esteves, S/N",597686629,Universidade do Minho
890,Manuel Almeida,"Travessa Matias Pires, 57",759150672,Instituto Politécnico de Coimbra (IPC)
891,Flor Fernandes,"Travessa Renato Esteves, S/N",242793606,Universidade do Minho
892,Luna Castro,"R. Fonseca, 50",150390165,Universidade do Minho
893,Juliana Cunha-Batista,"Praça Maria Pinheiro, 87",839028121,Universidade do Minho
894,Renato Sousa,"Praça do Pimenta, 25",865195277,Universidade do Minho
895,Cláudio Oliveira,"Avenida do Mercado, 16",837462681,Universidade do Minho
896,Valentina-Mélanie Garcia,"Travessa Sá, 781",464672597,Universidade do Minho
897,Rafael Correia,"Travessa Joel Martins, 93",553138537,Universidade do Minho
898,Kyara Cardoso,"Avenida de Azevedo, 7",396351816,Universidade do Minho
899,Filipa Matos,"Av Filipa Pacheco, 74",505462974,Universidade do Minho
900,Nelson Rodrigues,"Travessa do Moreda, 849",580301753,Universidade do Minho
901,Tomás Mendes,"Travessa Victória Almeida, 10",432565094,Universidade do Minho
902,João Pires,"Rua da Circunvalação, S/N",918086566,Universidade dos Açores (UAc)
903,Erika Alves,"Av do Castelo do Queijo, 70",419962212,Universidade de Lisboa (ULisboa)
904,Lúcia Campos,"Alameda de Monteiro, 84",414362357,Instituto Politécnico de Bragança (IPB)
905,Letícia Martins,"Largo de Basílio Teles, 44",799337374,Universidade do Minho
906,Salvador Magalhães,"Av do Bicalho, 780",977118053,Universidade do Minho
907,Joel Lourenço,"Travessa Francisca Simões, 83",977598667,Universidade do Minho
908,Mia Carvalho,"Avenida de Fonseca, 67",428760988,Instituto Politécnico da Guarda (IPG)
909,Filipa Ramos-Vicente,"Av do Sapal, 1",605300313,Universidade do Minho
910,Wilson Rodrigues,"Alameda de Teófilo Braga, S/N",906974283,Instituto Politécnico de Bragança (IPB)
911,Bruna Campos-Oliveira,"Avenida Amorim, 670",575765836,Universidade do Minho
912,Lia-Filipa Domingues,"Rua Andreia Anjos, 54",172275644,Universidade do Minho
913,Lia Miranda,,912800429,Universidade do Minho
914,Mauro Garcia-Oliveira,"Travessa do Buraco, 58",706637836,Universidade do Minho
915,Margarida Valente,"Rua de Santo António dos Capuchos, 7",299629473,Universidade dos Açores (UAc)
916,Ângelo Loureiro-Carneiro,"R. de Reis, 31",641175485,Instituto Politécnico de Coimbra (IPC)
917,Larissa Lopes,"R. Borges, S/N",357178858,Instituto Politécnico de Santarém (IPSantarem)
918,Ema Nunes,"Travessa de Neto, 68",293900280,Universidade do Minho
919,Anita Andrade-Melo,"Praça Campos, 85",585591792,Universidade do Minho
920,Nelson Matias,,135924863,Universidade de Aveiro (UA)
921,Erica Rodrigues,"Av Amaral, 2",336958625,Universidade do Minho
922,Violeta Anjos,"Praça de Marques, 16",874800730,Universidade do Minho
923,Jaime Pereira,,917028791,Universidade do Minho
924,William Marques,"Av de Francos, S/N",198804105,Universidade do Minho
925,Santiago Lima,"Praça da Alfândega, 57",964102633,Universidade do Minho
926,Íris da Pinto,,571318568,Universidade de Lisboa (ULisboa)
927,Benedita Ribeiro,"Avenida de Gomes, 36",637556976,Universidade do Minho
928,Gonçalo Costa,"Av de Assunção, 9",883899841,Instituto Politécnico de Bragança (IPB)
929,Irina Baptista,"Travessa Carneiro, 44",885300513,Universidade Lusíada (ULusíada)
930,Kévim de Baptista,"Largo do Carvalhão, 97",513985859,Instituto Politécnico de Setúbal (IPS)
931,Henrique Valente,,477460852,Universidade do Minho
932,Igor Ferreira-Vieira,"Praça Branco, S/N",211441120,Universidade do Minho
933,Matilde Jesus,"Rua de Nunes, 59",350024260,Universidade do Minho
934,Benedita Henriques,,156581930,Universidade do Minho
935,Leandro Paiva,"Avenida de Batista, 7",789487241,Instituto Politécnico da Guarda (IPG)
936,Xavier Rocha,"Avenida da França, 12",524564701,Universidade do Minho
937,Adriana de Melo,"R. Carolina Michaelis de Vasconcelos, 77",720390117,Universidade do Minho
938,Vera Alves,"Rua do Cerco do Porto, S/N",639111882,Universidade do Minho
939,Larissa Brito,,487768337,Universidade do Minho
940,Núria Campos,"Rua Edgar Costa, 98",979844096,Universidade do Minho
941,Catarina Almeida,"Av de Castro, 14",282042822,Universidade do Minho
942,Adriana do Guerreiro,"Alameda Neto, 180",934065500,Universidade Lusófona do Porto (ULP)
943,Madalena Silva,"Av Soares, S/N",922087148,Universidade do Minho
944,Joana Machado,"Travessa Guerreiro, 49",297212150,Universidade de Évora (UE)
945,Luana Amorim,"Largo Rocha, 8",906997291,Universidade Lusófona de Humanidades e Tecnologias (ULHT)
946,Márcio Henriques,"Avenida Magalhães, 986",156805170,Universidade do Minho
947,Emília Lourenço,"Av de D. Carlos I, 966",778411958,Universidade do Minho
948,Mélanie da Mota,"Alameda do Tronco, 3",237548623,Universidade do Porto (UP)
949,Júlia Azevedo,"Largo Miranda, S/N",953867781,Universidade do Minho
950,Camila Neves,"Largo Rafael Machado, 71",196343763,Universidade Católica Portuguesa (UCP)
951,Daniela Monteiro-Valente,"Av de Loureiro, 79",667106944,Universidade do Minho
952,Mauro Silva,"Alameda Fernandes, 24",310859476,Universidade do Minho
953,Lara Paiva,,244667179,Universidade do Minho
954,Helena Magalhães,"Praça da Música, 3",864152590,Universidade do Minho
955,Amélia do Oliveira,"Travessa Borges, 97",724385720,Universidade do Minho
956,Larissa Ramos,"Travessa 25 de Abril, 32",124101500,Universidade de Lisboa (ULisboa)
957,Diogo Domingues,"Avenida de Cunha, 63",215635485,Universidade do Minho
958,Edgar Matos,"Largo de Costa, 2",728793652,Universidade Nova de Lisboa (UNL)
959,Lia Freitas,"Avenida de Rocha, 198",562007784,Universidade do Minho
960,António Freitas,"Rua de Nogueira, 74",573275394,Universidade do Minho
961,Jorge Leal,"Praça de Esteves, S/N",677106300,Universidade do Minho
962,Isaac Leite,"Largo do Carrasco, S/N",937480550,Universidade do Minho
963,Xavier Barros,"Av Prof. António de Sousa Franco, S/N",457526262,Universidade do Minho
964,Filipe Tavares,,488244013,Universidade do Minho
965,Joana Fonseca,"Av de Freitas, 60",488083001,Universidade do Minho
966,Ivan Mendes,"R. Gaspar, 81",311072313,Universidade do Minho
967,Emília Alves,"Praça do Campo Alegre, 99",213066157,Universidade dos Açores (UAc)
968,Ismael Vaz,,549329072,Universidade do Minho
969,Ângelo Santos,"Rua Pinheiro, 78",179383981,Universidade do Minho
970,Simão Vieira,"R. das Âncoras, 99",669199214,Universidade do Minho
971,Adriana do Assunção,"Alameda Samuel Magalhães, 120",618258124,Universidade do Minho
972,Raquel da Leal,"Travessa de Rodrigues, 86",818323698,Instituto Politécnico de Leiria (IPLeiria)
973,Guilherme Vaz,"Largo Isaac Magalhães, 8",748958681,Universidade do Minho
974,Hugo Ferreira,"Largo da Bouça, 11",231827466,Universidade do Minho
975,Renata Branco,"Alameda das Andorinhas, 41",179017381,Universidade do Minho
976,Clara Reis,"Av Vaz, 6",479964980,Universidade do Minho
977,Nuno Oliveira,"Travessa Loureiro, 5",890300402,Universidade Europeia (UE)
978,Juliana Pinho,"Avenida de Soares, 9",576644480,Universidade do Minho
979,Paulo Matias,,291092535,Universidade do Minho
980,Cristiano Oliveira-Baptista,"R. Sebastião Lopes, 54",462199355,Universidade da Madeira (UMa)
981,Francisco Amorim,"Largo Noah Nascimento, 4",584567766,Universidade do Minho
982,Nádia Pacheco-Barros,,858514060,Universidade do Minho
983,Núria Vaz,"Avenida Teixeira, 42",838574505,Universidade do Minho
984,César Cardoso,"Largo de Costa Cabral, 120",990110397,Universidade Fernando Pessoa (UFP)
985,Mafalda do Leal,"Avenida Santiago Paiva, 393",592196291,Instituto Politécnico de Tomar (IPT)
986,Sandro Guerreiro,"Praça Simões, 33",655772103,Universidade do Minho
987,Ema Esteves,"Largo Carlos Marques, 575",907675840,Universidade de Trás-os-Montes e Alto Douro (UTAD)
988,Isaac Magalhães,"Praça do Cidral de Cima, S/N",756408539,Universidade do Minho
989,Lourenço Silva,"Praça de Carneiro, 7",971721327,Universidade do Minho
990,Bryan da Figueiredo,"Alameda das Cebolas, S/N",977973239,Universidade do Minho
991,Mara Neves,,891774610,Universidade do Minho
992,Sofia Macedo,,308622200,Universidade do Minho
993,Soraia Torres,"Rua Bianca Mota, 6",641115407,Universidade do Minho
994,Ângelo Pereira,"Avenida Vieira, 84",906264480,Universidade do Minho
995,David Vaz,"Alameda do Caminho Novo, 20",615057403,Universidade do Minho
996,Gonçalo Andrade,"Alameda Rodrigo Freitas, 62",622286749,Instituto Politécnico de Setúbal (IPS)
997,Lourenço Martins,"Avenida Figueiredo, 79",682690945,Universidade do Minho
998,Diana-Raquel Carneiro,,518820939,Universidade do Minho
999,Carolina Oliveira,"Largo de Teixeira, 69",765291622,Instituto Politécnico de Beja (IPBeja)
