Id,Nome,NIF,Salario,SeguroVida,Email,Telefone
0,Lourenço Amorim,356445186,251408.50,,edgarjesus@veritatis.pt,225937217
1,Raquel Rocha,949683493,433661.53,,vera08@veritatis.pt,926606311
2,Diego Correia,113740530,238206.75,524633034,amaralmelanie@veritatis.pt,923064865
3,Amélia do Melo,538886390,998075.24,,neveslisandro@veritatis.pt,917884428
4,Marco Machado,444902449,926832.99,275909955,alexandre64@veritatis.pt,287816568
5,Gil Nogueira,525803980,720281.51,959317968,barrosema@veritatis.pt,936129741
6,Santiago Sousa,562291199,753855.38,647090741,pedroleite@veritatis.pt,932011600
7,Clara-Matilde Ferreira,977875083,200834.60,,zantunes@veritatis.pt,931861376
8,Joaquim Esteves,760731780,731293.79,,barbara04@veritatis.pt,936368324
9,Francisco Batista,289709989,145153.41,,filipa99@veritatis.pt,202137109
10,Kevin Freitas,412227789,187962.27,,lourencovera@veritatis.pt,919305993
11,Iara Nunes,170487245,514622.28,,miriamlourenco@veritatis.pt,924146631
12,Afonso Branco,596774540,996707.12,,ysousa@veritatis.pt,924991142
13,Kyara Maia,183209648,92623.77,665070041,carminho85@veritatis.pt,916620358
14,Erika Neto,726214337,590668.75,,lopesgabriela@veritatis.pt,936598869
15,Renato Machado,705330710,157696.30,462735233,emanuel42@veritatis.pt,921750823
16,Eva Pires-Magalhães,879964944,450861.2,,victoria19@veritatis.pt,915051777
17,Álvaro Anjos,982174152,637738.62,548117859,barbara79@veritatis.pt,230002124
18,Paulo Campos-Marques,784368295,482236.74,165140244,naiara96@veritatis.pt,912498587
19,Ema Domingues,674308409,143552.84,258617259,matias27@veritatis.pt,216846609
20,João Valente,600137007,761064.23,828462292,carlos25@veritatis.pt,299448493
21,Erica de Santos,857160141,56371.39,778004084,andrefernandes@veritatis.pt,917958616
22,Daniela Moura,420307184,477860.33,,lorenalopes@veritatis.pt,929828185
23,Wilson Alves,822043122,72279.50,546308701,fcardoso@veritatis.pt,938180297
24,Filipe Nunes,248639757,177066.19,,amaraleva@veritatis.pt,938077226
25,Noah Gonçalves,941324273,751441.36,,hugo98@veritatis.pt,923890122
26,Rui Campos,227051343,365556.16,,fvieira@veritatis.pt,204781254
27,Eduarda Amaral,136287360,713745.31,508423084,csoares@veritatis.pt,936511103
28,Isaac Freitas-Almeida,671771620,861173.99,674203360,esa@veritatis.pt,276382849
29,Andreia Nogueira,770886531,180708.28,316036995,qcruz@veritatis.pt,237817056
30,Carminho Pinho,516391631,697578.61,,diego60@veritatis.pt,920882743
31,Jaime Nunes,672467348,493293.5,641151664,jesusruben@veritatis.pt,913717467
32,Mauro Baptista,666155038,854182.78,167712630,xmorais@veritatis.pt,259594005
33,Anita Sá,307430430,298239.66,,gasparfrancisca@veritatis.pt,935868049
34,Valentim Ferreira,106036238,831267.22,553065755,enzo86@veritatis.pt,210633555
35,Miguel Gaspar,188745963,456993.29,766561415,wvieira@veritatis.pt,208135308
36,Francisca Morais,516005189,237828.22,,henriquesmaria@veritatis.pt,287547529
37,Nair Cardoso,408144092,607016.31,881432250,luisborges@veritatis.pt,205688956
38,Dinis Simões,215506790,22443.31,,miguelamorim@veritatis.pt,912391128
39,Larissa Tavares-Alves,421943130,562500.66,173339042,bryan62@veritatis.pt,926867087
40,Lúcia da Ramos,903032074,631307.76,,fariarui@veritatis.pt,222428495
41,Filipa-Sofia Martins,238835731,766619.93,,fonsecajose@veritatis.pt,935172165
42,Lorena da Gonçalves,716989085,518171.94,,motafabio@veritatis.pt,211581199
43,Mara da Gomes,802717926,101719.71,,carlotamelo@veritatis.pt,221717390
44,Frederico Pacheco,401332152,975040.3,804197037,ycarvalho@veritatis.pt,925840777
45,Joana-Erika Figueiredo,629004145,578983.34,,vitoria53@veritatis.pt,233991584
46,Diego Loureiro,860019993,328204.3,,lauraaraujo@veritatis.pt,933823197
47,Emília Reis,971525587,645024.5,340687188,ferreiraismael@veritatis.pt,215654591
48,Isabela-Sara Assunção,645170542,791396.63,,carminhoamorim@veritatis.pt,923222536
49,Débora de Amorim,459463241,603628.26,,noah50@veritatis.pt,913520050
50,Gonçalo Silva,667562885,70580.71,,carvalhodiana@veritatis.pt,921706361
51,Madalena Vicente,481626867,355382.91,429981265,lucascastro@veritatis.pt,923823658
52,Sara Costa,996553568,733612.49,480267560,luna26@veritatis.pt,938931004
53,Valentim Cunha,512534977,509670.78,474766867,adriana73@veritatis.pt,928218834
54,Pedro Correia-Antunes,709961723,879133.52,,cunhacatarina@veritatis.pt,220027484
55,Santiago Batista,912102675,581216.32,,gmelo@veritatis.pt,224378849
56,Kévim Borges,120351218,932863.63,,andre76@veritatis.pt,230901088
57,Ivo Baptista,598344047,959474.89,,gbarros@veritatis.pt,912217447
58,Rafael Azevedo,627523668,587137.65,041493275,frocha@veritatis.pt,926393579
59,Mateus Gomes,430820445,818483.41,821695334,gabriel92@veritatis.pt,912284558
60,Eduardo Gonçalves,696898489,660009.52,355851180,henrique65@veritatis.pt,212358278
61,Bryan Figueiredo,467439400,54708.21,794144362,beatrizmonteiro@veritatis.pt,938786632
62,Miriam Batista,532831365,272577.41,506477635,juliana68@veritatis.pt,922030905
63,Inês Tavares,934283559,290947.85,378073913,baptistamarco@veritatis.pt,937967103
64,Lucas Nogueira,926261061,998891.65,,erikabatista@veritatis.pt,934739163
65,Isabela do Esteves,228140722,296113.71,582788127,paivaines@veritatis.pt,911330946
66,Letícia Ferreira-Mota,285142151,489475.15,680015601,garciafilipa@veritatis.pt,923569295
67,Kyara Ferreira,220658781,334311.58,,guilherme14@veritatis.pt,921319226
68,Adriana Assunção-Abreu,840687575,460065.3,,sarareis@veritatis.pt,938653765
69,Emília da Nascimento,614399084,983814.96,,lbatista@veritatis.pt,917184326
70,Eva do Carneiro,580006239,842348.44,302117317,jsantos@veritatis.pt,922142019
71,Frederico Loureiro,720085306,172250.14,,icardoso@veritatis.pt,921723077
72,Sebastião Borges,326445501,471771.61,499652789,mirandabeatriz@veritatis.pt,234246107
73,Diana Magalhães,753452910,83907.77,240096672,tleite@veritatis.pt,914635291
74,Iara Pereira,279002033,436982.97,900184208,davidfernandes@veritatis.pt,928672397
75,Enzo Cunha,993307914,540417.20,,eduardavaz@veritatis.pt,932841304
76,Wilson Almeida,594203554,596557.3,,jaimesoares@veritatis.pt,931492665
77,Gonçalo do Almeida,503939072,965955.12,,rguerreiro@veritatis.pt,924382429
78,Rita Neves,619677554,835066.76,604516522,arturgoncalves@veritatis.pt,911529983
79,Bruno Faria-Monteiro,364445440,865244.81,631837932,luana15@veritatis.pt,925815049
80,Ema Pereira,483485586,765791.85,563232762,naiara17@veritatis.pt,274720009
81,Edgar Paiva,370176600,614263.13,,rribeiro@veritatis.pt,926452277
82,Emília Batista,529737213,920557.77,603811395,gbrito@veritatis.pt,933169287
83,Amélia Assunção,929472829,625917.51,,florfonseca@veritatis.pt,914926669
84,Érica-Adriana Moreira,897964802,73940.81,897803881,hugo82@veritatis.pt,207736691
85,Leandro Neves,171011520,270156.48,524649567,wribeiro@veritatis.pt,913030383
86,Simão Baptista,154222950,690139.11,915210461,sofia87@veritatis.pt,911273772
87,Luca Neves,413697452,379298.27,,amaralsofia@veritatis.pt,274302206
88,Márcio Tavares,698837452,778819.57,,vascoguerreiro@veritatis.pt,916458243
89,Mauro Lima,154866920,516943.6,,raraujo@veritatis.pt,935200407
90,Joana Barros,203041690,652000.33,,bianca20@veritatis.pt,919424124
91,Valentina Reis,199535930,473870.87,590517793,ereis@veritatis.pt,288022129
92,Dinis Cruz,990734757,290920.99,,abreujessica@veritatis.pt,910668555
93,Ema Correia,865866821,875253.61,,isabelrodrigues@veritatis.pt,261369085
94,Emanuel Martins-Martins,570150043,469822.10,,rafaela18@veritatis.pt,933124761
95,Ismael Miranda,859512266,700696.21,696112299,lauralima@veritatis.pt,935495643
96,Jéssica Santos,537083871,438962.58,094670333,joelanjos@veritatis.pt,936918927
97,Iara Valente,258389214,655111.23,380903943,leonor93@veritatis.pt,279950024
98,Débora Amaral,431832994,377219.15,217414539,arturjesus@veritatis.pt,262659765
99,Micael Abreu,773075089,815339.64,547882204,vieiraeduardo@veritatis.pt,288842330
